user,avg_daily_device_connections,first_use_date,late_hour_device_use,missing_disconnects,distinct_pcs_used,above_avg_daily_counter,ratio_of_above_avg_days,emails_sent_per_day,unique_recipients_count,external_emails_ratio,attachment_count_avg,emails_sent_off_hours,bcc_usage_rate,total_files_copied,active_days,avg_files_copied_per_day,filetype_doc,filetype_exe,filetype_jpg,filetype_pdf,filetype_txt,filetype_zip,after_hours_file_copy_ratio,avg_urls_per_day,avg_malicious_urls_per_day,total_malicious_urls,avg_distinct_domains_per_day,avg_after_hours_browsing_per_day,avg_logon_time_hours,avg_logoff_time_hours,logon_std_dev_hours,after_hours_logons,weekend_logons,logons_on_other_user_pcs,potential_threat,malicious
OLW0689,2.217391304,05-01-2010 15:26,0,10,1,30,0.093167702,8.768115942,494,0.275848223,0.732892562,29,0.491900826,1242,273,4.549450549,815,11,59,236,64,57,0.000805153,88.66666667,5.545454545,61,28.08333333,2.0,10.97809271,19.0294316,2.388175988,0,0,0,False,0
BJP0134,8.604046243,04-01-2010 09:10,0,14,1,4,0.011560694,1.0,127,0.415162455,0.612426036,0,0.452662722,8072,346,23.32947977,5180,62,420,1628,425,357,0.0,9.416666667,1.0,1,8.166666667,0.0,11.03310705,17.95110874,2.450284882,0,0,5,False,0
LDD0560,0.0,0,0,0,0,0,0.0,10.0,111,0.203898051,0.69,2,0.51,0,0,0.0,0,0,0,0,0,0,0.0,89.8,3.083333333,37,30.2,0.0,9.453272222,16.26406667,3.290772919,6,10,4,False,0
BLS0678,1.333333333,17-09-2010 21:54,3,0,1,1,0.333333333,8.645,331,0.449841605,0.67611336,0,0.0,5,1,5.0,3,0,0,2,0,0,1.0,89.41666667,1.666666667,5,31.16666667,0.0,10.09093503,15.87472087,2.597327703,3,0,0,False,1
WBC0315,0.0,0,0,0,0,0,0.0,14.59011628,773,0.380704515,0.378162981,0,0.0,0,0,0.0,0,0,0,0,0,0,0.0,153.0833333,9.818181818,108,34.25,0.0,7.708285164,15.79166667,0.105891268,0,0,0,False,0
NJB0243,0.0,0,0,0,0,0,0.0,8.800578035,522,0.425085017,0.191461412,0,0.0,0,0,0.0,0,0,0,0,0,0,0.0,88.91666667,2.909090909,32,33.5,0.0,8.310509752,16.68784501,1.455208753,0,0,30,False,0
SKG0759,0.0,0,0,0,0,0,0.0,2.929824561,263,0.442998761,0.904191617,0,0.0,0,0,0.0,0,0,0,0,0,0,0.0,27.41666667,2.333333333,21,15.25,0.0,8.49344894,16.50905588,0.136220384,0,0,0,False,0
CCL0068,2.327205882,04-01-2010 08:33,0,4,1,24,0.088235294,8.753472222,439,0.398443201,0.328044427,0,0.0,630,195,3.230769231,405,5,37,125,33,25,0.0,89.66666667,8.416666667,101,33.58333333,0.0,7.989872685,18.00642361,0.135202717,0,0,0,False,1
HIA0414,0.0,0,0,0,0,0,0.0,8.715942029,507,0.429062247,0.426671101,0,0.487529099,0,0,0.0,0,0,0,0,0,0,0.0,89.25,1.0,1,28.25,0.0,7.953179191,18.04373796,0.094269846,0,0,0,False,0
QNF0205,0.0,0,0,0,0,0,0.0,10.60693642,573,0.443532172,0.166757493,0,0.0,0,0,0.0,0,0,0,0,0,0,0.0,108.1666667,6.636363636,73,29.0,0.0,7.203371869,17.30077071,0.092617328,0,0,0,False,0
WAB0143,0.0,0,0,0,0,0,0.0,8.739130435,371,0.414796342,0.0,0,0.0,0,0,0.0,0,0,0,0,0,0,0.0,89.41666667,3.3,33,30.33333333,0.0,7.204133858,17.31266404,0.09157154,0,0,0,False,0
AJN0607,3.002906977,04-01-2010 08:04,0,5,1,100,0.290697674,14.55652174,812,0.456355469,0.740143369,0,0.0,820,233,3.519313305,521,12,41,164,38,44,0.0,152.4166667,12.18181818,134,37.41666667,0.0,10.33698759,15.98632432,2.597461272,0,0,110,False,0
SMY0792,1.570247934,04-01-2010 15:03,0,2,1,23,0.095041322,8.731213873,547,0.447528363,0.55081099,0,0.495862297,1209,230,5.256521739,778,8,53,237,74,59,0.0,89.83333333,3.0,3,32.5,0.0,10.49552276,16.5849379,2.613614482,0,0,70,False,0
THD0448,0.0,0,0,0,0,0,0.0,1.0,134,0.408127208,0.203592814,0,0.0,0,0,0.0,0,0,0,0,0,0,0.0,9.5,1.0,2,7.583333333,0.0,7.964932563,18.03256262,0.109309995,0,0,0,False,0
CFW0264,0.0,0,0,0,0,0,0.0,8.733333333,118,0.432126697,0.0,0,0.0,0,0,0.0,0,0,0,0,0,0,0.0,94.33333333,1.428571429,10,23.58333333,0.0,7.468333333,15.53277778,0.110029101,0,0,0,False,0
NIH0969,0.0,0,0,0,0,0,0.0,1.0,140,0.460076046,0.603030303,0,0.475757576,0,0,0.0,0,0,0,0,0,0,0.0,9.5,1.75,14,8.416666667,0.0,9.276924508,16.25481588,2.393950221,0,0,1,False,0
DLS0383,0.0,0,0,0,0,0,0.0,8.733918129,481,0.468421053,0.7941078,0,0.0,0,0,0.0,0,0,0,0,0,0,0.0,84.33333333,3.666666667,44,29.91666667,0.0,9.955647687,16.01743738,2.379084566,0,0,0,False,0
CRK0916,0.0,0,0,0,0,0,0.0,9.747826087,588,0.430676856,0.20666072,266,0.0,0,0,0.0,0,0,0,0,0,0,0.0,89.91666667,5.818181818,64,30.83333333,7.375,10.34381313,18.69912988,2.856209609,18,4,0,False,0
KJM0887,0.0,0,0,0,0,0,0.0,2.913043478,262,0.415197568,0.691542289,0,0.0,0,0,0.0,0,0,0,0,0,0,0.0,27.41666667,3.125,25,15.91666667,0.0,9.192919075,18.31237958,0.085251103,0,0,0,False,0
AAV0450,0.0,0,0,0,0,0,0.0,1.0,138,0.434782609,0.37202381,0,0.0,0,0,0.0,0,0,0,0,0,0,0.0,9.416666667,0.0,0,8.083333333,0.0,7.983766859,18.01864162,0.123132641,0,0,0,False,0
WPE0538,0.0,0,0,0,0,0,0.0,2.935860058,253,0.407407407,0.972194638,0,0.0,0,0,0.0,0,0,0,0,0,0,0.0,27.5,0.0,0,15.08333333,0.0,8.490895954,18.50929672,0.139043663,0,0,0,False,0
RTO0313,0.0,0,0,0,0,0,0.0,14.49421965,804,0.477065336,0.534795613,0,0.498105683,0,0,0.0,0,0,0,0,0,0,0.0,153.5833333,20.41666667,245,47.58333333,49.0,10.05922399,14.1393789,3.605676493,52,5,30,True,0
CQH0730,0.0,0,0,0,0,0,0.0,14.68985507,761,0.273898387,0.198303078,0,0.0,0,0,0.0,0,0,0,0,0,0,0.0,153.9166667,5.454545455,60,24.75,0.0,7.98805395,17.0099711,0.131258748,0,0,0,False,0
MCF0600,6.0,20-09-2010 01:22,35,0,1,0,0.0,1.0,105,0.284634761,0.20083682,0,0.0,102,4,25.5,62,1,4,22,7,6,0.921568627,9.6,1.0,6,7.333333333,0.0,9.239031385,17.26440206,2.56243021,7,54,56,False,1
DOL0332,0.0,0,0,0,0,0,0.0,2.92173913,258,0.393598103,0.590277778,0,0.0,0,0,0.0,0,0,0,0,0,0,0.0,27.16666667,1.0,2,15.75,0.0,7.202601156,18.30481696,0.094210732,0,0,0,False,0
AJC0840,0.0,0,0,0,0,0,0.0,1.080118694,151,0.485568761,0.239010989,28,0.0,0,0,0.0,0,0,0,0,0,0,0.0,9.416666667,0.0,0,7.75,1.285714286,8.482129094,19.52528902,0.124551348,0,0,0,False,0
TAC0300,0.0,0,0,0,0,0,0.0,1.02994012,144,0.380414313,0.0,0,0.0,0,0,0.0,0,0,0,0,0,0,0.0,9.25,1.4,7,7.333333333,0.0,8.957947977,18.05216763,0.097498152,0,0,0,False,0
IJM0776,2.229299363,04-01-2010 10:56,0,6,1,18,0.114649682,3.011695906,143,0.431540342,0.421359223,0,0.0,344,105,3.276190476,229,3,19,61,12,20,0.0,27.16666667,1.0,4,16.58333333,0.0,8.460623782,16.53957115,0.100615105,0,0,0,False,0
DGN0480,0.0,0,0,0,0,0,0.0,14.58358663,739,0.377755257,0.377240517,0,0.0,0,0,0.0,0,0,0,0,0,0,0.0,154.0833333,7.416666667,89,31.91666667,0.0,8.217021276,17.28394124,0.124234959,0,0,0,False,0
UAD0771,2.141538462,04-01-2010 09:31,0,8,1,20,0.061538462,2.912280702,273,0.462241169,0.542168675,0,0.518072289,1873,306,6.120915033,1186,14,108,377,97,91,0.0,27.25,1.0,1,16.83333333,0.0,10.65462262,16.32919089,2.484648419,0,0,21,False,0
ASV0946,0.0,0,0,0,0,0,0.0,1.0,148,0.394052045,0.858006042,0,0.501510574,0,0,0.0,0,0,0,0,0,0,0.0,9.416666667,1.454545455,16,7.916666667,0.0,9.265264116,16.25905588,2.409140747,0,0,0,False,0
JGM0934,0.0,0,0,0,0,0,0.0,8.719653179,493,0.483107425,0.807424594,0,0.0,0,0,0.0,0,0,0,0,0,0,0.0,90.08333333,4.0,44,41.25,0.0,9.257651798,16.26608863,2.371059571,0,0,0,False,0
SSH0799,0.0,0,0,0,0,0,0.0,8.698550725,534,0.384243401,0.440853049,0,0.0,0,0,0.0,0,0,0,0,0,0,0.0,89.5,5.5,55,26.58333333,0.0,10.62544248,16.05087747,2.632368689,0,0,126,False,0
KPC0073,1.6,06-07-2010 23:33,5,0,1,1,0.2,8.798657718,252,0.290675547,0.705568268,0,0.500381388,0,0,0.0,0,0,0,0,0,0,0.0,89.58333333,6.583333333,79,32.25,0.0,8.193477633,17.76063672,2.058669983,4,0,0,False,1
YJF0532,0.0,0,0,0,0,0,0.0,2.914956012,253,0.316635745,0.641851107,0,0.497987928,0,0,0.0,0,0,0,0,0,0,0.0,27.0,1.125,9,13.91666667,0.0,11.39516162,16.38234738,2.5947844,0,0,89,False,0
DLM0051,8.658256881,03-01-2010 07:23,0,17,1,8,0.018348624,17.44930876,1076,0.494459611,0.534794665,0,0.511554206,10673,436,24.4793578,6792,67,545,2185,554,530,0.0,181.1875,2.333333333,28,45.8125,0.0,9.145515317,15.3393591,2.511632625,0,182,75,False,0
NBH0256,0.0,0,0,0,0,0,0.0,8.75942029,498,0.437195122,0.664791529,0,0.0,0,0,0.0,0,0,0,0,0,0,0.0,89.66666667,12.2,122,22.16666667,0.0,7.702649326,16.79918112,0.092948903,0,0,0,False,0
SCP0130,2.166163142,04-01-2010 10:46,0,7,1,20,0.060422961,2.909883721,249,0.407156076,0.796203796,0,0.509490509,1615,309,5.226537217,1057,9,71,311,90,77,0.0,26.91666667,1.571428571,11,17.66666667,0.0,9.863710966,16.78064815,2.093832552,0,0,113,False,0
TDS0984,1.225352113,03-01-2010 14:31,0,2,1,30,0.211267606,8.7470726,687,0.409002904,0.181526104,0,0.0,3378,142,23.78873239,2185,15,176,644,197,161,0.0,90.73333333,1.0,1,28.6,0.0,9.988838051,17.23313997,2.63622878,0,161,57,False,0
MCF0327,0.0,0,0,0,0,0,0.0,14.54046243,811,0.393774882,0.0,0,0.0,0,0,0.0,0,0,0,0,0,0,0.0,151.75,13.0,130,34.0,0.0,7.700915221,15.80346821,0.096542301,0,0,0,False,0
ONL0276,0.0,0,0,0,0,0,0.0,8.747826087,524,0.396053702,0.232273028,0,0.0,0,0,0.0,0,0,0,0,0,0,0.0,89.08333333,3.090909091,34,31.91666667,0.0,7.200481696,17.30361272,0.083780015,0,0,0,False,0
BCR0581,0.0,0,0,0,0,0,0.0,1.0,146,0.389492754,0.744680851,0,0.516717325,0,0,0.0,0,0,0,0,0,0,0.0,9.666666667,0.0,0,7.666666667,0.0,11.08131503,18.00818647,2.952810465,0,0,72,False,0
HKI0171,0.0,0,0,0,0,0,0.0,14.40869565,790,0.529937554,0.67270167,0,0.0,0,0,0.0,0,0,0,0,0,0,0.0,152.9166667,13.75,165,39.5,0.0,7.729565217,15.75327553,0.130078878,0,0,0,False,0
MKL0941,0.0,0,0,0,0,0,0.0,8.592485549,506,0.317824648,0.0,0,0.0,0,0,0.0,0,0,0,0,0,0,0.0,91.66666667,1.5,3,27.5,0.0,7.228371869,16.26965318,0.118648923,0,0,0,False,0
MYD0978,1.75,08-12-2010 00:44,5,0,1,1,0.25,10.70517928,469,0.519424132,0.338667659,0,0.0,15,1,15.0,6,0,2,3,1,3,1.0,107.1666667,6.3,63,34.33333333,0.0,7.956409586,17.86597059,0.985970716,3,1,0,False,1
LDM0587,0.0,0,0,0,0,0,0.0,1.0,141,0.497326203,0.2,0,0.0,0,0,0.0,0,0,0,0,0,0,0.0,9.333333333,1.25,5,7.666666667,0.0,8.489354528,18.51888247,0.124346411,0,0,0,False,0
IBS0836,1.492307692,04-01-2010 08:48,8,2,1,17,0.065384615,1.0,145,0.502439024,0.604456825,24,0.506963788,624,184,3.391304348,403,5,38,115,34,29,0.03525641,8.538461538,1.0,1,6.692307692,1.333333333,10.51776277,18.65194378,2.953321275,24,63,16,True,0
HKB0418,0.0,0,0,0,0,0,0.0,8.827794562,502,0.347889073,0.0,0,0.0,0,0,0.0,0,0,0,0,0,0,0.0,90.83333333,0.0,0,24.0,0.0,7.989859438,18.00843373,0.135155898,0,0,0,False,0
ICS0956,0.0,0,0,0,0,0,0.0,1.0,106,0.322335025,0.200819672,0,0.0,0,0,0.0,0,0,0,0,0,0,0.0,9.333333333,1.375,11,8.083333333,0.0,7.224701195,16.26334661,0.125267134,0,0,0,False,0
KBS0874,0.0,0,0,0,0,0,0.0,14.6300578,788,0.447576775,0.703871987,0,0.493678388,0,0,0.0,0,0,0,0,0,0,0.0,152.5833333,12.91666667,155,39.66666667,0.0,9.78246167,17.79643545,2.44400304,0,0,0,False,0
CJV0286,0.0,0,0,0,0,0,0.0,2.950146628,217,0.360192423,0.780318091,0,0.0,0,0,0.0,0,0,0,0,0,0,0.0,27.16666667,1.5,3,17.25,0.0,11.2808779,18.24291908,2.381696445,0,0,0,False,0
WIQ0567,1.522648084,03-01-2010 10:27,0,7,1,27,0.094076655,8.809090909,591,0.343622047,0.728586171,0,0.719814241,1955,283,6.908127208,1236,9,98,403,99,110,0.0,90.4375,3.6,36,32.125,0.0,11.03931495,18.05041478,2.415997886,0,174,0,False,0
ADD0846,0.0,0,0,0,0,0,0.0,1.0,133,0.410447761,0.51951952,23,0.0,0,0,0.0,0,0,0,0,0,0,0.0,9.25,1.5,3,7.416666667,1.5,8.493208092,19.51579961,0.134683802,0,0,0,False,0
BMC0547,0.0,0,0,0,0,0,0.0,8.794202899,539,0.502013693,0.0,0,0.0,0,0,0.0,0,0,0,0,0,0,0.0,89.16666667,5.5,55,33.41666667,0.0,7.985789981,18.01840077,0.128497707,0,0,0,False,0
EPW0434,0.0,0,0,0,0,0,0.0,8.823699422,530,0.549704142,0.320995742,0,0.0,0,0,0.0,0,0,0,0,0,0,0.0,90.5,2.4,24,35.58333333,0.0,7.952504817,17.03834297,0.105203525,0,0,0,False,0
FRR0832,0.0,0,0,0,0,0,0.0,1.0,146,0.42732049,0.979166667,32,0.0,0,0,0.0,0,0,0,0,0,0,0.0,9.333333333,0.0,0,6.916666667,1.25,8.45105973,19.5433526,0.101805762,0,0,0,False,0
SOG0411,0.0,0,0,0,0,0,0.0,8.704347826,525,0.390590144,0.676323676,0,0.0,0,0,0.0,0,0,0,0,0,0,0.0,89.83333333,1.0,1,32.33333333,0.0,7.99132948,18.01849711,0.126879932,0,0,0,False,0
ESH0135,0.0,0,0,0,0,0,0.0,1.0,135,0.526703499,0.73088685,0,0.0,0,0,0.0,0,0,0,0,0,0,0.0,9.416666667,1.0,1,9.0,0.0,8.985597303,18.0161368,0.11875161,0,0,0,False,0
ECF0828,0.0,0,0,0,0,0,0.0,1.0,109,0.362017804,0.0,20,0.0,0,0,0.0,0,0,0,0,0,0,0.0,9.416666667,2.0,12,7.5,1.571428571,8.419431279,19.5621643,0.094219112,0,0,0,False,0
CKP0721,0.0,0,0,0,0,0,0.0,1.0,143,0.438938053,0.0,0,0.0,0,0,0.0,0,0,0,0,0,0,0.0,9.5,1.375,11,7.5,0.0,7.706117534,16.80101156,0.097341408,0,0,0,False,0
HIW0536,0.0,0,0,0,0,0,0.0,13.66086957,739,0.40560166,0.172289412,0,0.0,0,0,0.0,0,0,0,0,0,0,0.0,133.0,4.75,38,30.81818182,0.0,7.935452794,18.06353565,0.084833856,0,0,0,False,0
NMG0766,0.0,0,0,0,0,0,0.0,2.929824561,241,0.487537994,0.223552894,0,0.0,0,0,0.0,0,0,0,0,0,0,0.0,27.16666667,1.5,3,16.25,0.0,8.477504817,16.51387283,0.124814468,0,0,0,False,0
SAC0687,0.0,0,0,0,0,0,0.0,8.84548105,510,0.436713996,0.188200396,33,0.0,0,0,0.0,0,0,0,0,0,0,0.0,89.0,1.0,1,30.58333333,3.0,8.938680154,19.0594894,0.078478846,0,0,0,False,0
EMW0772,1.171171171,14-01-2010 09:57,0,0,1,18,0.162162162,2.918128655,241,0.488298545,0.240480962,0,0.0,181,66,2.742424242,114,1,9,41,7,9,0.0,27.0,0.0,0,18.0,0.0,8.638955063,16.41058941,1.021490694,0,0,15,False,0
ENC0234,0.0,0,0,0,0,0,0.0,8.756756757,393,0.328590604,0.191358025,26,0.488536155,0,0,0.0,0,0,0,0,0,0,0.0,89.33333333,7.3,73,24.75,3.25,10.16329998,18.406739,2.545305227,0,0,29,False,0
KJW0416,0.0,0,0,0,0,0,0.0,8.828488372,555,0.413978495,0.0,0,0.0,0,0,0.0,0,0,0,0,0,0,0.0,88.41666667,2.75,22,31.5,0.0,7.946820809,18.05467245,0.088024528,0,0,0,False,0
ATP0662,1.563492063,04-01-2010 13:47,0,4,1,22,0.087301587,13.68096515,806,0.466035701,0.748383304,72,0.487948266,1273,236,5.394067797,827,6,64,248,64,64,0.0,135.0,3.083333333,37,38.61538462,3.0,11.18847367,16.65269079,3.756051924,68,48,23,True,0
CSB0080,0.0,0,0,0,0,0,0.0,10.73699422,662,0.479149497,0.0,0,0.0,0,0,0.0,0,0,0,0,0,0,0.0,107.3333333,0.0,0,34.58333333,0.0,7.990028902,17.01763006,0.13573667,0,0,0,False,0
MPT0376,1.558935361,06-01-2010 12:01,0,5,1,33,0.125475285,8.777472527,523,0.413642409,0.503599374,0,0.502347418,1054,229,4.602620087,672,8,58,199,60,57,0.0,86.76923077,5.25,21,30.30769231,0.0,10.20070693,15.26199641,2.494195892,0,37,84,False,0
TRK0914,0.0,0,0,0,0,0,0.0,8.701449275,515,0.308173562,0.379413724,193,0.0,0,0,0.0,0,0,0,0,0,0,0.0,89.0,1.0,4,22.08333333,6.818181818,8.486908213,19.50881503,0.125920793,0,0,0,False,0
KRM0541,0.0,0,0,0,0,0,0.0,8.784883721,506,0.458870968,0.227663799,0,0.431833223,0,0,0.0,0,0,0,0,0,0,0.0,84.33333333,1.5,9,26.25,0.0,8.254363553,17.7935699,1.502571223,0,0,18,False,0
ORG0339,0.0,0,0,0,0,0,0.0,2.956647399,297,0.350437318,0.206256109,0,0.0,0,0,0.0,0,0,0,0,0,0,0.0,27.33333333,0.0,0,14.66666667,0.0,7.212957611,18.2743738,0.110895434,0,0,0,False,0
ZSB0649,0.0,0,0,0,0,0,0.0,2.939306358,258,0.362874251,0.784660767,206,0.0,0,0,0.0,0,0,0,0,0,0,0.0,27.08333333,1.166666667,7,16.41666667,6.727272727,9.221146435,21.27591522,0.122448198,0,0,0,False,0
HAH0248,0.0,0,0,0,0,0,0.0,8.677325581,502,0.31190234,0.398324958,0,0.0,0,0,0.0,0,0,0,0,0,0,0.0,88.75,5.909090909,65,27.33333333,0.0,7.948217726,17.05014451,0.09486427,0,0,0,False,0
JCR0172,1.268656716,02-01-2010 09:45,0,2,1,35,0.26119403,14.56019656,885,0.404806298,0.512487344,0,0.506074924,406,105,3.866666667,256,1,24,79,21,25,0.0,155.3333333,15.35714286,215,30.2,0.0,9.758470493,15.79742015,2.414974454,0,98,0,False,0
SLB0049,0.0,0,0,0,0,0,0.0,17.51734104,860,0.444365554,0.405873618,0,0.0,0,0,0.0,0,0,0,0,0,0,0.0,177.75,1.0,2,48.25,0.0,8.479576108,17.52249518,0.118601676,0,0,0,False,0
LHB0967,0.0,0,0,0,0,0,0.0,1.0,131,0.314387211,0.0,0,0.0,0,0,0.0,0,0,0,0,0,0,0.0,9.583333333,2.9,29,6.083333333,0.0,7.205973025,16.2977842,0.09840745,0,0,0,False,0
DVM0265,0.0,0,0,0,0,0,0.0,8.75942029,526,0.338076845,0.510589014,0,0.0,0,0,0.0,0,0,0,0,0,0,0.0,95.16666667,0.0,0,21.16666667,0.0,7.783165829,14.83054299,1.313181692,0,0,52,False,0
MAR0955,3.5,05-02-2011 03:54,17,0,1,1,0.166666667,1.0,120,0.505694761,0.0,0,0.0,69,3,23.0,39,0,4,15,4,7,0.884057971,9.416666667,2.166666667,13,7.833333333,0.0,7.250240066,16.11250276,1.115279607,4,1,0,False,1
BIH0745,2.75,29-06-2010 21:13,9,0,1,0,0.0,14.49305556,396,0.595099183,0.703881169,0,0.0,41,3,13.66666667,25,0,6,7,1,2,0.975609756,152.5,10.16666667,122,50.5,0.0,8.075837087,16.85392455,1.527040249,4,0,0,False,1
AJH0175,1.303278689,13-01-2010 09:21,0,1,1,32,0.262295082,14.46511628,756,0.443002326,0.209405145,0,0.0,236,72,3.277777778,148,3,8,45,21,11,0.0,145.3333333,10.5,126,38.66666667,11.0,8.727891632,14.35803704,3.954190477,49,0,0,False,0
JOL0024,0.0,0,0,0,0,0,0.0,10.6122449,603,0.327481431,0.375274725,0,0.0,0,0,0.0,0,0,0,0,0,0,0.0,106.5,0.0,0,22.41666667,0.0,7.706069364,17.79373796,0.10349028,0,0,0,False,0
GMF0738,0.0,0,0,0,0,0,0.0,14.63953488,807,0.410481414,0.0,0,0.0,0,0,0.0,0,0,0,0,0,0,0.0,152.5,6.416666667,77,38.91666667,0.0,7.953660886,17.04296724,0.094346239,0,0,0,False,0
HBB0056,0.0,0,0,0,0,0,0.0,8.688953488,483,0.451347459,0.367346939,0,0.0,0,0,0.0,0,0,0,0,0,0,0.0,88.41666667,5.6,28,30.66666667,0.0,8.465847784,17.53501927,0.107317477,0,0,0,False,0
FRB0023,0.0,0,0,0,0,0,0.0,10.63188406,598,0.551633987,0.742093784,0,0.0,0,0,0.0,0,0,0,0,0,0,0.0,108.1666667,3.166666667,19,42.0,0.0,7.497206166,15.5006262,0.141598527,0,0,0,False,0
HMM0108,1.960784314,04-01-2010 11:57,0,2,1,11,0.215686275,9.818181818,136,0.210467706,0.57037037,0,0.511111111,345,51,6.764705882,224,2,16,70,21,12,0.0,88.75,5.2,52,29.83333333,0.0,11.95903935,17.34952778,2.886898376,0,0,25,False,0
TLM0797,0.0,0,0,0,0,0,0.0,8.747093023,496,0.495033448,0.814888667,0,0.0,0,0,0.0,0,0,0,0,0,0,0.0,89.25,0.0,0,33.0,0.0,8.200433526,17.30154143,0.092968429,0,0,0,False,0
MFV0897,0.0,0,0,0,0,0,0.0,2.929411765,248,0.437462236,0.0,0,0.0,0,0,0.0,0,0,0,0,0,0,0.0,26.91666667,1.0,5,17.25,0.0,9.242148362,18.26011561,0.139991404,0,0,0,False,0
SGG0787,0.0,0,0,0,0,0,0.0,13.44219653,749,0.43671875,0.781552354,718,0.0,0,0,0.0,0,0,0,0,0,0,0.0,133.4166667,5.0,45,34.41666667,17.63636364,10.39852206,20.52519268,2.334886988,0,0,0,False,0
JMK0099,1.368932039,04-01-2010 09:10,0,3,1,34,0.330097087,8.663768116,555,0.534023969,0.607226497,0,0.726329876,555,95,5.842105263,356,6,30,103,32,28,0.0,91.41666667,2.333333333,14,38.33333333,0.0,9.751201058,16.08352151,2.821160345,0,0,119,False,0
JAM0382,0.0,0,0,0,0,0,0.0,8.664739884,488,0.438464663,0.438292195,0,0.0,0,0,0.0,0,0,0,0,0,0,0.0,89.91666667,1.666666667,10,27.5,0.0,7.983815029,16.01242775,0.125429089,0,0,0,False,0
ERH0449,0.0,0,0,0,0,0,0.0,1.0,141,0.387337058,0.0,0,0.0,0,0,0.0,0,0,0,0,0,0,0.0,9.416666667,1.5,3,7.666666667,0.0,7.983911368,18.00597303,0.138055229,0,0,0,False,0
AJR0932,6.333333333,10-09-2010 04:35,18,0,1,0,0.0,8.809278351,304,0.378123868,0.0,0,0.0,47,2,23.5,34,0,2,9,1,1,0.829787234,87.66666667,2.571428571,18,34.41666667,0.0,7.316228364,16.11690955,1.504591471,4,0,0,False,1
ALD0529,0.0,0,0,0,0,0,0.0,2.91202346,243,0.442176871,0.582074522,0,0.499496475,0,0,0.0,0,0,0,0,0,0,0.0,26.91666667,1.0,4,16.5,0.0,11.04987004,17.01175337,2.419764682,0,0,0,False,0
ESR0693,1.692307692,04-01-2010 15:43,0,5,1,19,0.162393162,8.727810651,276,0.263157895,0.76,16,0.0,509,108,4.712962963,339,3,15,101,31,20,0.0,89.25,7.4,74,23.75,2.0,9.614243345,18.47216435,1.966717119,0,0,23,False,0
CKD0680,0.0,0,0,0,0,0,0.0,8.800578035,525,0.423290938,0.409195402,0,0.0,0,0,0.0,0,0,0,0,0,0,0.0,90.25,9.583333333,115,32.0,0.0,7.937620424,16.05361272,0.083358001,0,0,0,False,0
IMG0320,0.0,0,0,0,0,0,0.0,14.62790698,790,0.417010434,0.386128776,0,0.0,0,0,0.0,0,0,0,0,0,0,0.0,153.25,13.25,159,38.75,0.0,7.750578034,15.75765896,0.143953785,0,0,0,False,0
SAB0781,1.506122449,05-01-2010 15:45,0,5,1,22,0.089795918,2.941348974,267,0.296363636,0.871385842,0,0.0,1441,237,6.080168776,944,18,71,275,72,61,0.0,27.5,1.5,3,14.25,0.0,10.5247508,16.53969171,2.40366002,0,0,0,False,0
SNC0187,1.26,08-01-2010 09:29,0,1,1,23,0.23,2.929765886,245,0.448252228,0.597031963,0,0.0,2321,100,23.21,1496,16,124,442,118,125,0.0,26.83333333,1.2,6,14.83333333,0.0,7.195222222,18.29644444,0.096228327,0,0,0,False,0
DKB0631,0.0,0,0,0,0,0,0.0,2.927325581,263,0.417064439,0.482621648,239,0.0,0,0,0.0,0,0,0,0,0,0,0.0,26.75,1.25,10,14.08333333,5.909090909,9.242630058,21.26050096,0.13186188,0,0,0,False,0
ICH0294,2.061919505,04-01-2010 17:34,0,6,1,91,0.281733746,1.0,142,0.509157509,0.794029851,0,0.492537313,2509,319,7.865203762,1648,21,128,462,127,123,0.0,9.25,1.2,6,8.25,0.0,10.01642709,17.34098938,2.41251864,0,0,83,False,0
LHL0309,0.0,0,0,0,0,0,0.0,14.56432749,801,0.394134044,0.322224453,0,0.0,0,0,0.0,0,0,0,0,0,0,0.0,154.5,14.18181818,156,33.91666667,0.0,7.711175337,15.7871869,0.107070639,0,0,0,False,0
APG0307,0.0,0,0,0,0,0,0.0,1.0,134,0.35971223,0.4,0,0.0,0,0,0.0,0,0,0,0,0,0,0.0,9.666666667,1.5,6,8.083333333,0.0,8.953949904,18.04609827,0.097655967,0,0,0,False,0
NMF0780,0.0,0,0,0,0,0,0.0,2.906976744,259,0.388301182,0.79,0,0.0,0,0,0.0,0,0,0,0,0,0,0.0,27.83333333,1.0,2,14.5,0.0,8.44995183,16.54860308,0.099770256,0,0,0,False,0
VFM0814,1.25,05-01-2010 16:44,10,0,1,17,0.236111111,8.791666667,371,0.411680092,0.238862559,373,0.486255924,122,40,3.05,81,0,7,20,7,7,0.147540984,88.33333333,2.571428571,18,37.16666667,12.90909091,10.7946341,19.41903876,2.657186358,4,0,51,False,0
CHG0146,0.0,0,0,0,0,0,0.0,13.43352601,734,0.512987013,0.401247849,0,0.0,0,0,0.0,0,0,0,0,0,0,0.0,134.4166667,5.583333333,67,35.83333333,0.0,8.477071291,16.51844894,0.127237324,0,0,0,False,0
IRT0491,0.0,0,0,0,0,0,0.0,14.50578035,782,0.368077388,0.376768281,0,0.0,0,0,0.0,0,0,0,0,0,0,0.0,160.5833333,1.666666667,10,31.25,0.0,8.221965318,17.27755299,0.108610863,0,0,0,False,0
NAB0801,0.0,0,0,0,0,0,0.0,8.751445087,513,0.386541158,0.19682959,0,0.0,0,0,0.0,0,0,0,0,0,0,0.0,88.83333333,0.0,0,26.16666667,0.0,8.218882466,17.28564547,0.107967179,0,0,0,False,0
MLL0598,8.055072464,04-01-2010 08:59,0,13,1,125,0.362318841,1.0,131,0.464285714,0.256716418,0,0.0,353,140,2.521428571,227,3,12,70,21,20,0.0,9.416666667,1.2,6,8.083333333,0.0,8.490703275,18.51290944,0.134874379,0,0,0,False,0
RVF0201,1.513157895,05-01-2010 08:33,0,3,1,20,0.087719298,10.70144928,572,0.389326765,0.497833153,0,0.312296858,252,91,2.769230769,155,3,12,46,17,19,0.0,106.25,6.75,54,25.58333333,0.0,9.368672791,17.00279523,2.487095791,0,0,20,False,0
MSH0040,0.0,0,0,0,0,0,0.0,10.67322835,461,0.479649202,0.798967171,0,0.0,0,0,0.0,0,0,0,0,0,0,0.0,108.3333333,8.333333333,100,37.08333333,0.0,10.92074841,12.99583069,7.433525577,569,0,795,False,0
JAV0361,0.0,0,0,0,0,0,0.0,10.63662791,653,0.402465434,0.399562722,0,0.0,0,0,0.0,0,0,0,0,0,0,0.0,109.25,3.2,16,31.16666667,0.0,11.18320508,13.34391859,7.432313992,749,0,1038,False,0
IIL0513,0.0,0,0,0,0,0,0.0,3.048165138,337,0.52749301,0.174567344,0,0.0,0,0,0.0,0,0,0,0,0,0,0.0,28.4,1.2,6,18.46666667,0.0,8.993394077,17.00037965,0.141082451,0,88,0,False,0
ONW0083,0.0,0,0,0,0,0,0.0,8.676300578,510,0.428513568,0.355429714,0,0.0,0,0,0.0,0,0,0,0,0,0,0.0,89.75,2.777777778,25,25.91666667,0.0,7.974903661,17.02972062,0.116423101,0,0,0,False,0
BJH0811,0.0,0,0,0,0,0,0.0,8.805797101,540,0.488504618,0.0,422,0.0,0,0,0.0,0,0,0,0,0,0,0.0,88.16666667,5.5,55,37.0,13.72727273,8.455298651,20.54831407,0.098462532,0,0,0,False,0
DFR0218,0.0,0,0,0,0,0,0.0,10.76589595,604,0.52713305,0.201879195,0,0.0,0,0,0.0,0,0,0,0,0,0,0.0,108.0,11.09090909,122,38.83333333,0.0,11.41782506,13.5918773,7.41621649,699,0,1011,False,0
TOR0193,0.0,0,0,0,0,0,0.0,10.6122449,604,0.462156731,0.76510989,0,0.335164835,0,0,0.0,0,0,0,0,0,0,0.0,107.4166667,3.333333333,30,37.25,0.0,10.3791471,18.07526796,2.534938133,0,0,22,False,0
SBD0913,0.0,0,0,0,0,0,0.0,2.930232558,256,0.492073171,0.722222222,0,0.485119048,0,0,0.0,0,0,0,0,0,0,0.0,27.16666667,1.833333333,11,18.08333333,0.0,7.234200385,16.25722543,0.139394433,0,0,0,False,0
CJK0200,0.0,0,0,0,0,0,0.0,10.64927536,601,0.398422767,0.0,0,0.0,0,0,0.0,0,0,0,0,0,0,0.0,107.9166667,8.545454545,94,29.33333333,0.0,7.474373796,15.52138728,0.113805536,0,0,0,False,0
ASD0577,0.0,0,0,0,0,0,0.0,1.0,140,0.598230088,0.0,0,0.0,0,0,0.0,0,0,0,0,0,0,0.0,9.333333333,2.0,4,8.25,0.0,8.443737958,18.55982659,0.084713955,0,0,0,False,0
HWM0342,0.0,0,0,0,0,0,0.0,2.962209302,266,0.406976744,0.229636899,0,0.0,0,0,0.0,0,0,0,0,0,0,0.0,27.41666667,1.8,9,18.41666667,0.0,7.46982344,18.00541705,1.387405789,0,0,19,False,0
DGF0443,0.0,0,0,0,0,0,0.0,8.690751445,531,0.357448543,0.0,0,0.0,0,0,0.0,0,0,0,0,0,0,0.0,89.33333333,1.333333333,8,26.91666667,0.0,7.945134875,17.05428709,0.093058244,0,0,0,False,0
JFC0557,4.043352601,04-01-2010 08:54,0,13,1,26,0.075144509,8.701449275,478,0.357056452,0.686209194,0,0.0,2839,345,8.228985507,1820,24,136,556,133,170,0.0,89.25,1.0,1,22.75,0.0,10.9807159,18.01526975,2.364166824,0,0,0,False,0
TSR0676,2.176291793,04-01-2010 10:36,0,8,1,26,0.079027356,8.713872832,530,0.433943294,0.516086235,0,0.497512438,532,165,3.224242424,349,7,27,91,29,29,0.0,94.58333333,2.555555556,23,34.0,0.0,9.979652217,16.04696532,2.373840111,0,0,0,False,0
CKB0427,0.0,0,0,0,0,0,0.0,8.805232558,545,0.463113093,0.429514691,0,0.0,0,0,0.0,0,0,0,0,0,0,0.0,89.33333333,1.428571429,10,28.75,0.0,7.959874759,17.04166667,0.09662393,0,0,0,False,0
BRS0734,1.706666667,02-01-2010 13:50,0,0,1,12,0.16,13.60909091,302,0.299958966,0.621910488,0,0.509686039,1845,75,24.6,1187,13,108,351,98,88,0.0,152.6666667,8.571428571,120,30.6,0.0,7.937878788,17.03969697,0.104825205,0,17,0,False,0
IDO0176,0.0,0,0,0,0,0,0.0,14.56811594,800,0.317423876,0.0,0,0.0,0,0,0.0,0,0,0,0,0,0,0.0,153.6666667,16.91666667,203,30.5,0.0,7.707080925,15.79470135,0.097952247,0,0,0,False,0
AIS0405,0.0,0,0,0,0,0,0.0,8.656069364,538,0.483044005,0.452420701,36,0.0,0,0,0.0,0,0,0,0,0,0,0.0,95.0,1.75,14,38.54545455,3.0,7.945857418,19.05717726,0.087709373,0,0,0,False,0
KVT0028,0.0,0,0,0,0,0,0.0,8.840116279,518,0.406551447,0.382439987,0,0.0,0,0,0.0,0,0,0,0,0,0,0.0,90.08333333,2.333333333,21,27.75,0.0,7.723217726,18.75611753,0.126524658,0,0,0,False,0
CSH0626,0.0,0,0,0,0,0,0.0,13.58778626,804,0.38909753,0.602059925,0,0.735205993,0,0,0.0,0,0,0,0,0,0,0.0,154.0769231,4.583333333,55,34.53846154,0.0,10.24923602,15.38640185,3.563148309,63,87,22,False,0
BDI0533,2.190023753,03-01-2010 09:04,0,4,1,36,0.085510689,2.912751678,289,0.467726848,0.542242704,0,0.729646697,2458,400,6.145,1605,14,117,483,115,124,0.0,28.3125,1.4,14,19.375,0.0,11.06234468,16.50453811,2.406223013,0,187,65,False,0
MKW0441,2.140672783,04-01-2010 09:08,0,7,1,24,0.073394495,2.947521866,220,0.410692588,0.755687438,1,0.49851632,421,153,2.751633987,272,2,24,78,19,26,0.0,25.75,1.555555556,14,17.08333333,0.0,10.00956685,16.48968317,2.554330591,7,1,23,False,0
ANM0123,1.526315789,04-01-2010 10:11,0,1,1,2,0.105263158,10.8,77,0.535632184,0.681481481,15,0.496296296,47,12,3.916666667,31,0,2,11,1,2,0.0,106.3333333,5.666666667,68,31.91666667,6.444444444,10.79948333,18.42022569,3.164256203,0,0,7,False,0
HSB0196,8.010526316,02-01-2010 08:24,5,15,1,163,0.343157895,10.74315789,775,0.410893454,0.549872624,0,0.0,11627,475,24.47789474,7446,76,613,2292,615,585,0.001118087,114.8235294,11.3125,181,25.70588235,0.0,8.333453666,17.7616453,1.735551087,14,123,0,True,0
KCS0173,1.5,05-01-2010 10:04,0,6,1,17,0.070833333,13.56231884,753,0.32049948,0.662107288,0,0.493481513,260,95,2.736842105,164,0,20,51,12,13,0.0,144.5833333,11.45454545,126,35.66666667,0.0,9.922080697,15.11431329,2.450902253,0,0,67,False,0
BAL0044,3.294460641,04-01-2010 05:08,685,2,607,80,0.233236152,10.74418605,579,0.445653967,0.654220779,0,0.49512987,2900,288,10.06944444,1870,20,132,547,173,158,0.576551724,112.1666667,9.75,117,34.25,0.0,11.25211088,13.10589558,6.797128907,741,2,1066,True,0
IJM0139,0.0,0,0,0,0,0,0.0,1.0,139,0.404411765,0.0,0,0.0,0,0,0.0,0,0,0,0,0,0,0.0,9.333333333,1.0,2,7.083333333,0.0,8.98155106,18.002842,0.13603851,0,0,0,False,0
SAH0599,0.0,0,0,0,0,0,0.0,1.0,142,0.489795918,0.505988024,0,0.0,0,0,0.0,0,0,0,0,0,0,0.0,9.25,1.571428571,11,7.916666667,0.0,8.481310212,18.52519268,0.116168369,0,0,0,False,0
JCR0921,0.0,0,0,0,0,0,0.0,8.786127168,541,0.464614154,0.413157895,184,0.0,0,0,0.0,0,0,0,0,0,0,0.0,88.33333333,7.909090909,87,29.5,6.818181818,8.446242774,19.55761079,0.086859763,0,0,0,False,0
DBW0483,0.0,0,0,0,0,0,0.0,14.64739884,777,0.315025405,0.367403315,0,0.0,0,0,0.0,0,0,0,0,0,0,0.0,150.5,9.0,108,29.91666667,0.0,8.250193237,17.26368015,0.128050484,0,0,0,False,0
RAS0432,0.0,0,0,0,0,0,0.0,8.649275362,518,0.389581205,0.742292225,0,0.0,0,0,0.0,0,0,0,0,0,0,0.0,88.41666667,3.666666667,44,24.83333333,0.0,9.903655334,17.0550578,2.377274635,0,0,0,False,0
ECL0930,0.0,0,0,0,0,0,0.0,8.789017341,534,0.329982259,0.64353831,0,0.490299244,0,0,0.0,0,0,0,0,0,0,0.0,89.0,1.0,1,26.08333333,0.0,9.327146587,16.26421002,2.454030514,0,0,0,False,0
RRP0568,1.548780488,05-01-2010 10:05,0,5,1,25,0.101626016,8.663768116,542,0.524933849,0.614252258,0,0.0,1450,238,6.092436975,938,13,80,281,74,64,0.0,88.75,4.888888889,44,37.08333333,0.0,11.05683231,17.74203351,2.414428214,0,0,22,False,0
IKP0472,1.563253012,02-01-2010 15:24,0,5,1,31,0.093373494,1.0,174,0.503113325,0.83991684,0,0.72972973,812,228,3.561403509,523,4,40,166,38,41,0.0,8.611111111,1.0,6,7.833333333,0.0,10.40681594,17.06063562,2.630751108,0,287,126,False,0
HCS0003,2.944444444,04-01-2010 09:31,0,8,1,102,0.298245614,26.29190751,1180,0.574938575,0.810377047,0,0.499505331,3045,339,8.982300885,1968,19,150,583,139,186,0.0,267.1666667,4.888888889,44,51.08333333,0.0,8.473747591,17.52244701,0.111245859,0,0,0,False,0
NWT0098,2.148026316,04-01-2010 08:24,0,7,1,24,0.078947368,8.868338558,524,0.4767642,0.395899611,0,0.0,702,216,3.25,438,2,42,144,38,38,0.0,90.41666667,1.857142857,13,32.08333333,0.0,7.201985371,17.29451411,0.096901117,0,0,0,False,1
AIP0982,1.525,06-01-2010 16:58,0,3,1,25,0.104166667,9.674418605,554,0.369269795,0.560096154,0,0.489182692,6182,240,25.75833333,3960,42,329,1223,327,301,0.0,94.16666667,7.416666667,89,20.91666667,0.0,9.834571541,17.48860501,2.455221303,0,0,18,False,0
SHW0578,0.0,0,0,0,0,0,0.0,1.0,133,0.370705244,0.537537538,0,0.0,0,0,0.0,0,0,0,0,0,0,0.0,9.5,1.0,4,7.5,0.0,8.454672447,18.54561657,0.091910332,0,0,0,False,0
HXL0968,2.351758794,04-01-2010 08:23,0,4,1,24,0.120603015,1.049751244,111,0.505952381,0.436018957,0,0.0,477,146,3.267123288,306,3,28,89,26,25,0.0,9.25,2.2,11,7.916666667,0.0,7.227409163,16.26666667,0.129418424,0,0,0,False,1
DCH0843,4.6,27-01-2011 21:58,17,0,1,0,0.0,1.0,121,0.387878788,0.402135231,15,0.0,38,4,9.5,28,0,1,6,1,2,0.710526316,9.416666667,1.5,3,7.416666667,1.333333333,8.440833333,19.36793367,1.020494688,3,1,0,False,1
DRR0162,2.368644068,04-01-2010 07:42,0,2,1,26,0.110169492,10.69140625,454,0.409565823,0.502740227,0,0.493606138,529,167,3.167664671,338,3,30,103,28,27,0.0,107.5833333,0.0,0,30.66666667,0.0,7.206054688,16.29388021,0.099526191,0,0,0,False,1
QOS0878,2.19266055,03-01-2010 07:42,0,2,1,8,0.073394495,13.69026549,305,0.365844105,0.716871364,0,0.489980608,127,49,2.591836735,70,1,15,32,3,6,0.0,154.5625,10.53333333,158,33.375,0.0,10.25772177,16.25160338,2.735674651,0,55,45,False,0
AOS0987,0.0,0,0,0,0,0,0.0,8.770348837,512,0.481187291,0.516738482,0,0.494862446,0,0,0.0,0,0,0,0,0,0,0.0,83.58333333,5.545454545,61,32.91666667,0.0,11.72587996,17.60058649,2.730862566,0,0,94,False,0
MLM0950,2.173913043,03-01-2010 11:39,1,6,1,25,0.063938619,1.0,144,0.537555228,0.735148515,0,0.51980198,2752,385,7.148051948,1808,20,141,503,146,134,0.000726744,9.533333333,1.142857143,8,8.0,3.0,9.408992725,15.34837372,2.688307973,9,153,78,True,0
NOB0181,1.527536232,02-01-2010 16:02,0,7,1,26,0.075362319,2.910638298,299,0.433049709,0.576023392,0,0.5,1703,316,5.389240506,1100,4,85,344,104,66,0.0,25.88235294,2.0,26,15.64705882,0.0,9.666634004,17.40036404,2.763205118,0,245,94,False,0
JCR0289,0.0,0,0,0,0,0,0.0,1.0,138,0.409005629,0.24852071,0,0.0,0,0,0.0,0,0,0,0,0,0,0.0,9.333333333,1.0,1,7.916666667,0.0,8.952071291,18.05578035,0.090754824,0,0,0,False,0
FFC0891,2.284153005,04-01-2010 15:04,4,3,1,14,0.076502732,2.917525773,194,0.510775862,0.717314488,0,0.0,961,173,5.554913295,612,7,48,191,49,54,0.012486993,27.0,1.4,7,15.83333333,7.0,11.61155997,16.0001484,3.263564687,22,2,69,True,0
FKB0163,0.0,0,0,0,0,0,0.0,8.788405797,499,0.534632035,0.171174142,0,0.0,0,0,0.0,0,0,0,0,0,0,0.0,89.33333333,6.333333333,57,30.91666667,0.0,7.218737958,16.29238921,0.105308595,0,0,0,False,0
IIA0092,0.0,0,0,0,0,0,0.0,8.672463768,536,0.515618661,0.327874332,0,0.0,0,0,0.0,0,0,0,0,0,0,0.0,88.66666667,0.0,0,31.0,0.0,7.463535645,15.53598266,0.118092696,0,0,0,False,0
TLK0993,0.0,0,0,0,0,0,0.0,8.736231884,495,0.369064602,0.0,674,0.0,0,0,0.0,0,0,0,0,0,0,0.0,87.66666667,1.75,7,26.25,19.18181818,9.206840077,21.28896917,0.102880113,0,0,0,False,0
ELT0769,0.0,0,0,0,0,0,0.0,2.918604651,233,0.373978996,0.0,0,0.0,0,0,0.0,0,0,0,0,0,0,0.0,27.33333333,1.0,3,14.83333333,0.0,8.479720616,16.51064547,0.127577272,0,0,0,False,0
TEM0977,0.0,0,0,0,0,0,0.0,10.70724638,663,0.349779448,0.0,0,0.0,0,0,0.0,0,0,0,0,0,0,0.0,106.9166667,1.0,3,27.41666667,0.0,7.981165703,18.00920039,0.133819005,0,0,0,False,0
HCC0344,0.0,0,0,0,0,0,0.0,2.93255132,231,0.398176292,0.698,0,0.0,0,0,0.0,0,0,0,0,0,0,0.0,27.58333333,1.0,2,17.83333333,0.0,7.251589595,18.24210019,0.145959683,0,0,0,False,0
SMB0804,0.0,0,0,0,0,0,0.0,8.783236994,529,0.36722488,0.0,0,0.0,0,0,0.0,0,0,0,0,0,0,0.0,89.41666667,7.363636364,81,21.58333333,0.0,8.253564547,17.2526975,0.147905869,0,0,0,False,0
IUB0565,2.205357143,04-01-2010 09:07,0,2,1,21,0.09375,8.790598291,394,0.369526095,0.43315508,0,0.0,503,154,3.266233766,332,6,28,91,21,25,0.0,89.0,5.5,55,30.0,0.0,8.96517094,18.04366097,0.091776273,0,0,0,False,1
BSA0431,0.0,0,0,0,0,0,0.0,8.823188406,545,0.542383168,0.203022339,0,0.0,0,0,0.0,0,0,0,0,0,0,0.0,92.33333333,7.818181818,86,29.25,0.0,7.95,17.05226397,0.094502682,0,0,0,False,0
ASB0796,0.0,0,0,0,0,0,0.0,8.671698113,384,0.436578171,0.369886858,0,0.0,0,0,0.0,0,0,0,0,0,0,0.0,90.0,2.0,8,31.08333333,0.0,8.208867924,17.3063522,0.09688964,0,0,0,False,0
AIP0394,0.0,0,0,0,0,0,0.0,8.823188406,510,0.402082499,0.594283837,37,0.496057819,0,0,0.0,0,0,0,0,0,0,0.0,88.83333333,6.090909091,67,31.58333333,5.0,9.89658761,17.77703534,3.044466486,28,3,0,False,0
BMT0528,2.200617284,04-01-2010 15:54,0,6,1,27,0.083333333,2.944606414,248,0.396158463,0.76039604,0,0.0,1903,314,6.060509554,1235,19,93,335,119,102,0.0,26.75,1.285714286,9,15.83333333,0.0,9.190892324,16.68708483,0.990789405,0,0,26,False,0
LJR0523,1.2,29-07-2010 21:41,5,0,1,1,0.2,2.926829268,147,0.549805951,0.810416667,0,0.0,3,1,3.0,3,0,0,0,0,0,1.0,27.16666667,1.333333333,4,16.41666667,0.0,8.930929738,16.68504873,1.246427023,4,2,0,False,1
JNA0559,0.0,0,0,0,0,0,0.0,8.753623188,511,0.485427136,0.0,0,0.0,0,0,0.0,0,0,0,0,0,0,0.0,88.66666667,4.0,40,30.83333333,0.0,9.003381642,17.98906551,0.151141749,0,0,0,False,0
CBB0365,0.0,0,0,0,0,0,0.0,10.69565217,616,0.289724228,0.425745257,0,0.0,0,0,0.0,0,0,0,0,0,0,0.0,107.5,1.0,2,24.75,0.0,11.40976868,13.14886589,6.624916543,757,0,1152,False,0
BSB0990,0.0,0,0,0,0,0,0.0,8.764534884,508,0.332515337,0.421558872,0,0.0,0,0,0.0,0,0,0,0,0,0,0.0,90.5,4.333333333,13,28.08333333,0.0,7.191040462,15.30067437,0.094263872,0,0,0,False,0
JCW0858,0.0,0,0,0,0,0,0.0,14.43768116,789,0.47937324,0.204778157,0,0.0,0,0,0.0,0,0,0,0,0,0,0.0,152.6666667,10.09090909,111,42.08333333,0.0,7.71411368,17.7833815,0.104991685,0,0,0,False,0
FHO0630,0.0,0,0,0,0,0,0.0,14.43063584,760,0.468552289,0.763268576,0,0.0,0,0,0.0,0,0,0,0,0,0,0.0,151.4166667,9.75,117,37.75,0.0,7.948362235,17.05529865,0.085346028,0,0,0,False,0
CJM0521,0.0,0,0,0,0,0,0.0,2.919037199,310,0.424173834,0.189655172,0,0.0,0,0,0.0,0,0,0,0,0,0,0.0,27.70588235,1.928571429,27,15.58823529,0.0,8.987428161,17.01142241,0.134694259,0,113,0,False,0
BLL0929,0.0,0,0,0,0,0,0.0,8.716374269,519,0.421127332,0.440791681,0,0.0,0,0,0.0,0,0,0,0,0,0,0.0,90.83333333,3.0,33,33.75,0.0,7.19017341,16.31030829,0.07931735,0,0,0,False,0
KSP0966,0.0,0,0,0,0,0,0.0,1.0,126,0.474452555,0.0,0,0.0,0,0,0.0,0,0,0,0,0,0,0.0,9.5,2.0,18,7.916666667,0.0,7.207466281,16.28400771,0.102432427,0,0,0,False,0
COF0120,0.0,0,0,0,0,0,0.0,9.785440613,407,0.335224586,0.573218481,593,0.0,0,0,0.0,0,0,0,0,0,0,0.0,106.0833333,1.818181818,20,35.25,24.09090909,8.853259694,19.40113814,2.463670742,28,5,0,False,0
IJR0825,0.0,0,0,0,0,0,0.0,1.0,143,0.454063604,0.795857988,26,0.0,0,0,0.0,0,0,0,0,0,0,0.0,9.5,0.0,0,8.0,1.166666667,8.447591522,19.5477842,0.094973403,0,0,0,False,0
CPG0322,1.151785714,07-01-2010 10:36,0,0,1,15,0.133928571,14.48554913,764,0.431351088,0.623902634,0,0.5,337,90,3.744444444,209,2,21,63,25,17,0.0,145.0833333,11.83333333,142,33.08333333,0.0,8.739205876,14.29365419,2.091335731,0,0,157,False,0
TEB0251,0.0,0,0,0,0,0,0.0,8.75433526,530,0.423877551,0.516672169,0,0.499504787,0,0,0.0,0,0,0,0,0,0,0.0,90.0,4.5,45,26.66666667,0.0,10.03731176,16.79360205,2.448726764,0,0,22,False,0
ATE0869,1.25,03-01-2010 13:04,0,1,1,41,0.244047619,15.53512397,1086,0.468514466,0.60260673,5,0.741055991,522,137,3.810218978,337,2,28,102,26,27,0.0,147.3333333,10.88888889,196,43.44444444,0.0,9.882000431,17.29275869,2.665097341,10,250,29,True,0
NDM0417,2.189873418,04-01-2010 10:19,0,5,1,21,0.066455696,8.823188406,548,0.415018973,0.792706965,0,0.714848883,1284,284,4.521126761,847,8,74,219,68,68,0.0,89.41666667,1.25,5,39.33333333,0.0,10.42712847,16.95571995,2.705343919,0,0,95,False,0
HAC0282,0.0,0,0,0,0,0,0.0,8.688953488,534,0.294691885,0.421545667,0,0.0,0,0,0.0,0,0,0,0,0,0,0.0,88.41666667,1.0,3,28.5,0.0,9.223121387,18.27581888,0.104566061,0,0,0,False,0
KRL0501,2.253968254,04-01-2010 13:10,0,6,1,24,0.095238095,14.60754717,615,0.415501906,0.0,0,0.0,578,176,3.284090909,349,2,29,132,35,31,0.0,153.8333333,13.09090909,144,42.33333333,0.0,8.218113208,17.28301887,0.118860168,0,0,0,False,1
IMP0530,0.0,0,0,0,0,0,0.0,2.93877551,265,0.398046398,0.364087302,0,0.0,0,0,0.0,0,0,0,0,0,0,0.0,27.41666667,1.4,7,16.33333333,0.0,8.990992293,17.00260116,0.131600863,0,0,0,False,0
SBN0971,1.23943662,04-01-2010 10:08,0,2,1,34,0.23943662,1.0,147,0.265423242,0.617511521,0,0.0,577,126,4.579365079,373,6,29,100,31,38,0.0,9.533333333,1.75,14,8.0,0.0,7.20230141,16.29576837,0.100425183,0,94,0,False,0
LBC0356,0.0,0,0,0,0,0,0.0,10.74418605,600,0.515663441,0.699675325,0,0.503246753,0,0,0.0,0,0,0,0,0,0,0.0,109.0833333,4.272727273,47,46.16666667,0.0,11.41318826,13.24806534,6.690220666,714,0,1045,False,0
SDO0170,0.0,0,0,0,0,0,0.0,14.58139535,772,0.477012892,0.580342903,0,0.0,0,0,0.0,0,0,0,0,0,0,0.0,153.3333333,13.66666667,164,42.91666667,0.0,9.670661724,15.80414258,2.369281673,0,0,0,False,0
EIM0156,0.0,0,0,0,0,0,0.0,8.736231884,481,0.393097643,0.692103517,0,0.0,0,0,0.0,0,0,0,0,0,0,0.0,89.66666667,1.166666667,7,23.66666667,0.0,6.977408478,17.02952794,0.107479072,0,0,0,False,0
UBF0645,0.0,0,0,0,0,0,0.0,2.938596491,235,0.453001819,0.0,221,0.0,0,0,0.0,0,0,0,0,0,0,0.0,26.91666667,2.142857143,15,14.91666667,6.1,9.232418112,21.25785164,0.127303119,0,0,0,False,0
ILR0304,0.0,0,0,0,0,0,0.0,1.0,148,0.467391304,0.156156156,0,0.0,0,0,0.0,0,0,0,0,0,0,0.0,9.25,0.0,0,7.583333333,0.0,8.987668593,18.02090559,0.120120007,0,0,0,False,0
CWB0065,0.0,0,0,0,0,0,0.0,8.652173913,511,0.427933415,0.486097152,0,0.501842546,0,0,0.0,0,0,0,0,0,0,0.0,90.08333333,6.166666667,74,38.08333333,0.0,9.500840933,14.24212497,2.476022105,0,0,111,False,0
KCB0815,0.0,0,0,0,0,0,0.0,8.846820809,519,0.388071571,0.195687684,390,0.0,0,0,0.0,0,0,0,0,0,0,0.0,89.91666667,6.090909091,67,32.83333333,15.45454545,10.51020267,20.53921002,2.382005208,0,0,0,False,0
RGH0728,0.0,0,0,0,0,0,0.0,14.6405694,662,0.406029412,0.345892076,0,0.0,0,0,0.0,0,0,0,0,0,0,0.0,153.3333333,5.0,50,38.08333333,0.0,7.985824436,17.02153025,0.132166481,0,0,0,False,0
HJB0742,1.5,16-11-2010 23:13,5,0,1,1,0.25,14.49792531,583,0.427624695,0.502003434,0,0.0,5,2,2.5,4,0,0,1,0,0,1.0,160.8333333,8.25,99,34.66666667,0.0,10.04508097,16.5222011,2.600404613,4,0,18,False,1
IYB0918,0.0,0,0,0,0,0,0.0,8.765217391,508,0.453086921,0.226190476,151,0.0,0,0,0.0,0,0,0,0,0,0,0.0,88.75,5.222222222,47,29.91666667,10.81818182,8.492870906,19.52456647,0.119845222,0,0,0,False,0
IEB0153,0.0,0,0,0,0,0,0.0,4.867924528,302,0.537790698,0.618493909,0,0.0,0,0,0.0,0,0,0,0,0,0,0.0,45.46153846,3.0,30,25.07692308,0.0,8.623159269,18.39189223,0.977089584,0,21,11,False,0
HCM0267,8.624277457,04-01-2010 14:40,0,13,1,1,0.002890173,8.731213873,532,0.45025025,0.578616352,0,0.0,8167,346,23.60404624,5249,57,398,1623,414,426,0.0,85.0,1.0,2,25.41666667,0.0,7.445472061,15.55438343,0.09033157,0,0,0,False,0
YJV0699,0.0,0,0,0,0,0,0.0,1.0,136,0.640488656,0.0,0,0.0,0,0,0.0,0,0,0,0,0,0,0.0,9.5,1.166666667,7,8.833333333,0.0,7.724277456,16.77027938,0.11742627,0,0,0,False,0
GZC0735,1.47037037,04-01-2010 14:01,0,2,1,25,0.092592593,14.65413534,872,0.294521975,0.599281683,0,0.0,304,122,2.491803279,183,4,18,57,13,29,0.0,146.1428571,7.214285714,101,32.42857143,0.0,10.34961776,16.20613749,2.552874345,0,90,96,False,0
EDA0684,0.0,0,0,0,0,0,0.0,8.941176471,102,0.364541833,0.769736842,3,0.453947368,0,0,0.0,0,0,0,0,0,0,0.0,88.16666667,1.333333333,4,31.58333333,19.5,10.27272096,17.3761048,4.149745774,6,0,3,False,0
KBB0189,0.0,0,0,0,0,0,0.0,10.74855491,585,0.408547568,0.405216456,0,0.0,0,0,0.0,0,0,0,0,0,0,0.0,107.3333333,3.0,15,28.08333333,0.0,6.974662813,16.02398844,0.122810481,0,0,0,False,0
LHN0151,0.0,0,0,0,0,0,0.0,4.855491329,302,0.425693653,0.213690476,0,0.0,0,0,0.0,0,0,0,0,0,0,0.0,45.33333333,6.0,72,22.75,0.0,8.495279383,16.50052987,0.132321775,0,0,0,False,0
CCH0685,0.0,0,0,0,0,0,0.0,8.812138728,518,0.389820477,0.791734995,33,0.500491965,0,0,0.0,0,0,0,0,0,0,0.0,89.0,1.0,2,33.91666667,3.333333333,11.05025383,18.66080699,2.410931447,0,0,23,False,0
GAF0060,0.0,0,0,0,0,0,0.0,8.760115607,535,0.429404666,0.810953481,46,0.0,0,0,0.0,0,0,0,0,0,0,0.0,89.16666667,7.454545455,82,26.16666667,3.666666667,7.990944123,19.00130058,0.131128662,0,0,0,False,0
CJG0470,0.0,0,0,0,0,0,0.0,1.0,140,0.298025135,0.0,0,0.0,0,0,0.0,0,0,0,0,0,0,0.0,9.416666667,1.0,2,7.833333333,0.0,7.951204239,18.05568401,0.084094081,0,0,0,False,0
IJM0444,1.516260163,04-01-2010 12:51,0,5,1,24,0.097560976,8.695652174,518,0.353578732,0.700333333,0,0.507666667,1840,241,7.634854772,1162,19,89,378,95,97,0.0,89.08333333,1.5,9,23.83333333,33.0,10.36076089,15.57905636,2.856077461,11,1,120,False,0
PGH0184,0.0,0,0,0,0,0,0.0,2.964757709,208,0.37654321,0.841010401,0,0.0,0,0,0.0,0,0,0,0,0,0,0.0,26.91666667,1.0,1,17.58333333,0.0,9.231036535,18.28959243,2.393031182,0,0,0,False,0
RAM0447,0.0,0,0,0,0,0,0.0,1.0,146,0.397435897,0.618055556,0,0.493055556,0,0,0.0,0,0,0,0,0,0,0.0,9.533333333,1.0,3,7.933333333,0.0,10.07118521,18.00753526,2.418286814,0,178,0,False,0
CCW0031,0.0,0,0,0,0,0,0.0,13.63294798,754,0.422109902,0.403646385,0,0.0,0,0,0.0,0,0,0,0,0,0,0.0,134.9166667,4.142857143,29,30.5,0.0,7.692052023,15.80828516,0.087432122,0,0,0,False,0
EMB0531,0.0,0,0,0,0,0,0.0,2.911764706,236,0.484624846,0.777777778,0,0.0,0,0,0.0,0,0,0,0,0,0,0.0,27.16666667,1.75,7,15.08333333,0.0,11.0054694,17.05688825,2.423461331,0,0,0,False,0
BYP0070,0.0,0,0,0,0,0,0.0,8.691983122,371,0.371453641,0.0,0,0.0,0,0,0.0,0,0,0,0,0,0,0.0,90.5,4.636363636,51,33.75,0.0,7.983683473,18.01253501,0.131914457,0,0,0,False,0
TAP0551,1.25,22-10-2010 02:34,5,0,1,1,0.25,8.711111111,370,0.465367965,0.655612245,0,0.0,21,2,10.5,11,0,1,8,1,0,1.0,88.25,6.0,66,30.0,0.0,10.09583933,17.61205803,2.682888058,6,1,16,False,0
NSS0876,0.0,0,0,0,0,0,0.0,14.3826087,751,0.341686212,0.0,0,0.0,0,0,0.0,0,0,0,0,0,0,0.0,152.25,15.83333333,190,30.08333333,0.0,7.736608863,17.76382466,0.128244168,0,0,0,False,0
IAT0263,0.0,0,0,0,0,0,0.0,9.576086957,337,0.372839506,0.573212259,0,0.0,0,0,0.0,0,0,0,0,0,0,0.0,90.16666667,1.0,2,24.16666667,0.0,7.472132616,15.51666667,0.12296997,0,0,0,False,0
JPA0667,0.0,0,0,0,0,0,0.0,8.688046647,507,0.413429752,0.687248322,0,0.0,0,0,0.0,0,0,0,0,0,0,0.0,89.58333333,4.0,44,29.16666667,0.0,7.945423892,16.05187861,0.09358195,0,0,0,False,0
KLM0639,0.0,0,0,0,0,0,0.0,2.950724638,214,0.414990859,0.0,241,0.0,0,0,0.0,0,0,0,0,0,0,0.0,27.0,1.375,11,15.33333333,6.0,9.243545279,21.25077071,0.139125703,0,0,0,False,0
MBW0809,0.0,0,0,0,0,0,0.0,8.6,90,0.327868852,0.701550388,57,0.0,0,0,0.0,0,0,0,0,0,0,0.0,88.66666667,7.545454545,83,29.41666667,17.18181818,8.449444444,20.54611111,0.090917348,0,0,0,False,0
TEM0093,0.0,0,0,0,0,0,0.0,8.772357724,367,0.475145793,0.335959222,0,0.0,0,0,0.0,0,0,0,0,0,0,0.0,90.5,0.0,0,30.33333333,0.0,7.474966262,15.52321188,0.127602753,0,0,0,False,0
TDG0962,0.0,0,0,0,0,0,0.0,1.0,143,0.451612903,0.556547619,0,0.485119048,0,0,0.0,0,0,0,0,0,0,0.0,9.583333333,1.428571429,10,8.416666667,0.0,9.650425777,15.17659443,2.556349669,0,0,127,False,0
CLB0774,8.63583815,04-01-2010 10:58,56,10,1,7,0.020231214,2.923976608,260,0.503960999,0.522,0,0.0,7246,346,20.94219653,4649,46,392,1398,393,368,0.019873033,27.33333333,1.714285714,12,17.16666667,0.0,9.057093815,14.65799397,3.941192006,62,7,0,False,0
XRS0633,0.0,0,0,0,0,0,0.0,2.933333333,255,0.461770018,0.446640316,187,0.0,0,0,0.0,0,0,0,0,0,0,0.0,27.0,1.666666667,5,14.33333333,5.727272727,11.25081336,21.30250482,2.428095245,0,0,0,False,0
HGN0287,0.0,0,0,0,0,0,0.0,9.771014493,572,0.312637766,0.598338772,0,0.496588549,0,0,0.0,0,0,0,0,0,0,0.0,83.25,2.125,17,28.58333333,0.0,9.21305395,18.28025048,0.116838186,0,0,0,False,0
JDB0169,7.927745665,04-01-2010 08:29,0,22,1,106,0.306358382,13.49855072,746,0.414254187,0.189607043,0,0.0,7791,346,22.51734104,4944,64,407,1579,420,377,0.0,153.1666667,9.083333333,109,38.75,0.0,9.810926075,15.74754335,2.406570194,0,0,0,False,0
SSG0250,0.0,0,0,0,0,0,0.0,8.815789474,509,0.311648709,0.75854063,0,0.0,0,0,0.0,0,0,0,0,0,0,0.0,91.41666667,3.75,45,34.0,0.0,10.00049432,17.04552023,2.362989355,0,0,0,False,0
IUY0279,0.0,0,0,0,0,0,0.0,8.757225434,523,0.432280137,0.746534653,0,0.500660066,0,0,0.0,0,0,0,0,0,0,0.0,83.5,1.25,5,33.0,0.0,11.34176743,18.16296856,2.530866318,0,0,18,False,0
NMS0280,1.25,03-01-2010 17:43,0,3,1,29,0.233870968,2.930232558,274,0.468796069,0.521428571,0,0.0,321,88,3.647727273,205,2,27,59,17,11,0.0,28.5,1.0,1,18.0,0.0,9.501089084,18.25019334,1.553417707,0,89,18,False,0
EHR0096,0.0,0,0,0,0,0,0.0,8.725433526,513,0.424831416,0.0,0,0.0,0,0,0.0,0,0,0,0,0,0,0.0,90.08333333,9.166666667,110,32.83333333,0.0,7.249132948,17.25857418,0.149855173,0,0,0,False,0
DJB0159,0.0,0,0,0,0,0,0.0,18.4622093,866,0.472455379,0.529207999,0,0.501180916,0,0,0.0,0,0,0,0,0,0,0.0,180.5,2.583333333,31,43.83333333,0.0,9.340894436,16.10305094,2.440679362,0,0,15,False,0
KJJ0293,1.533333333,05-01-2010 10:13,0,3,1,25,0.111111111,1.0,123,0.372050817,0.948948949,0,0.0,530,146,3.630136986,339,3,26,102,32,28,0.0,9.416666667,1.75,7,7.666666667,0.0,11.19971217,17.18130765,2.5146109,0,0,78,False,0
GLR0975,0.0,0,0,0,0,0,0.0,10.65606936,604,0.330044401,0.798752373,0,0.0,0,0,0.0,0,0,0,0,0,0,0.0,107.75,2.0,2,30.33333333,0.0,9.921637116,18.0583815,2.356826306,0,0,0,False,0
AAF0791,0.0,0,0,0,0,0,0.0,8.705202312,517,0.561161161,0.0,0,0.0,0,0,0.0,0,0,0,0,0,0,0.0,88.83333333,6.666666667,60,39.75,0.0,8.200433526,17.29706166,0.099089112,0,0,0,False,0
AMD0077,0.0,0,0,0,0,0,0.0,17.29479769,853,0.403380909,0.369318182,0,0.0,0,0,0.0,0,0,0,0,0,0,0.0,178.5,4.0,36,34.33333333,0.0,7.495279383,15.51310212,0.135514297,0,0,0,False,0
BWH0813,0.0,0,0,0,0,0,0.0,8.797101449,514,0.387510008,0.714662273,457,0.0,0,0,0.0,0,0,0,0,0,0,0.0,89.16666667,3.25,26,30.83333333,15.72727273,8.462957611,20.538921,0.098996023,0,0,0,False,0
MAD0496,0.0,0,0,0,0,0,0.0,14.63559322,335,0.271145144,0.181239143,0,0.0,0,0,0.0,0,0,0,0,0,0,0.0,155.25,6.3125,101,32.0,0.0,8.209322034,17.28644068,0.116341475,0,23,0,False,0
AIM0627,0.0,0,0,0,0,0,0.0,14.56104651,770,0.395681708,0.0,0,0.0,0,0,0.0,0,0,0,0,0,0,0.0,152.5833333,10.16666667,122,40.75,0.0,7.960067437,17.04552023,0.093615663,0,0,0,False,0
CQH0701,1.256880734,05-01-2010 09:22,0,3,1,25,0.229357798,1.0,144,0.547747748,0.565868263,0,0.479041916,243,70,3.471428571,144,1,15,54,15,14,0.0,9.5,1.428571429,10,7.5,0.0,9.707561228,16.81599229,2.388747127,0,0,0,False,0
RSC0089,7.934246575,04-01-2010 08:28,41,16,1,106,0.290410959,8.789041096,566,0.4408867,0.591334165,0,0.0,865,238,3.634453782,568,8,43,155,37,54,0.019653179,85.16666667,6.909090909,76,34.91666667,0.0,10.22659543,14.64477414,3.499207277,54,37,109,True,0
KJA0152,0.0,0,0,0,0,0,0.0,10.68695652,635,0.491163605,0.0,0,0.0,0,0,0.0,0,0,0,0,0,0,0.0,106.75,5.333333333,48,34.66666667,0.0,8.501637765,18.50303468,0.127684251,0,0,0,False,0
BCB0679,0.0,0,0,0,0,0,0.0,8.710714286,453,0.512966164,0.691676917,0,0.490774908,0,0,0.0,0,0,0,0,0,0,0.0,89.08333333,2.888888889,26,35.08333333,0.0,10.1924196,15.07139889,2.463665888,0,0,80,False,0
HCW0419,0.0,0,0,0,0,0,0.0,8.826589595,515,0.319992035,0.709233792,0,0.493123772,0,0,0.0,0,0,0,0,0,0,0.0,89.33333333,1.0,4,27.83333333,0.0,10.03154191,18.01425819,2.400760816,0,0,0,False,0
AKC0924,0.0,0,0,0,0,0,0.0,8.806358382,517,0.424722662,0.438464063,244,0.0,0,0,0.0,0,0,0,0,0,0,0.0,88.41666667,1.714285714,12,28.75,7.7,8.443737958,19.55491329,0.090823554,0,0,0,False,0
KBP0008,0.0,0,0,0,0,0,0.0,26.43063584,1165,0.514522822,0.500273373,0,0.500492072,0,0,0.0,0,0,0,0,0,0,0.0,284.0833333,1.0,1,44.5,0.0,9.381952781,14.89171576,2.631271708,0,0,118,False,0
EMS0317,0.0,0,0,0,0,0,0.0,14.39130435,800,0.520906985,0.334541793,0,0.0,0,0,0.0,0,0,0,0,0,0,0.0,151.3333333,11.0,132,47.83333333,0.0,7.723554913,15.7583815,0.12670702,0,0,0,False,0
FBW0747,0.0,0,0,0,0,0,0.0,14.70958904,852,0.413021478,0.188675731,0,0.0,0,0,0.0,0,0,0,0,0,0,0.0,153.4615385,2.25,18,36.84615385,0.0,8.348066024,16.73795505,1.614137138,0,20,32,False,0
HRD0635,0.0,0,0,0,0,0,0.0,2.988888889,114,0.297482838,0.799256506,51,0.0,0,0,0.0,0,0,0,0,0,0,0.0,27.0,1.428571429,10,13.58333333,6.090909091,11.72707809,18.49559325,3.204410732,9,0,47,False,0
MBR0724,0.0,0,0,0,0,0,0.0,1.0,146,0.353982301,0.0,0,0.0,0,0,0.0,0,0,0,0,0,0,0.0,9.416666667,3.1,31,5.75,0.0,7.701878613,16.80423892,0.085505996,0,0,0,False,0
