user,avg_daily_device_connections,first_use_date,late_hour_device_use,missing_disconnects,distinct_pcs_used,above_avg_daily_counter,ratio_of_above_avg_days,emails_sent_per_day,unique_recipients_count,external_emails_ratio,attachment_count_avg,emails_sent_off_hours,bcc_usage_rate,total_files_copied,active_days,avg_files_copied_per_day,filetype_doc,filetype_exe,filetype_jpg,filetype_pdf,filetype_txt,filetype_zip,after_hours_file_copy_ratio,avg_urls_per_day,avg_malicious_urls_per_day,total_malicious_urls,avg_distinct_domains_per_day,avg_after_hours_browsing_per_day,avg_logon_time_hours,avg_logoff_time_hours,logon_std_dev_hours,after_hours_logons,weekend_logons,logons_on_other_user_pcs,malicious
AKR0057,2.23963133640553,2010-01-04 11:23:38,0.0,6.0,1.0,19.0,0.0875576036866359,10.691304347826089,425,0.3946255287384921,0.1813745424969499,19,0.5046766978446523,540.0,153.0,3.5294117647058822,357.0,4.0,27.0,95.0,21.0,36.0,0.0,109.08333333333331,8.0,80.0,27.916666666666668,1.0,10.102637894444443,18.905765889166663,2.641183101111111,0.0,0.0,12.0,1
AOK0844,1.4854014598540146,2010-01-02 19:03:15,7.0,5.0,1.0,21.0,0.0766423357664233,1.0,128,0.3576051779935275,0.5702702702702702,42,0.0,1321.0,259.0,5.100386100386101,841.0,6.0,57.0,262.0,75.0,80.0,0.0310370931112793,9.666666666666666,1.0,1.0,7.888888888888889,1.3076923076923077,10.794439603611112,18.744610479722223,3.037838014444444,23.0,209.0,38.0,0
BAJ0654,1.206896551724138,2010-01-04 16:12:26,13.0,1.0,1.0,22.0,0.1896551724137931,2.9,244,0.3378712871287129,0.5243407707910751,223,0.0,2919.0,116.0,25.16379310344828,1874.0,16.0,152.0,584.0,146.0,147.0,0.1291538198013018,27.0,1.5,9.0,14.25,5.727272727272728,10.272337485555555,20.994141609166665,3.05262439,24.0,0.0,42.0,0
BIS0247,1.2083333333333333,2010-01-15 09:28:06,0.0,0.0,1.0,20.0,0.2083333333333333,8.674418604651162,508,0.410688591983556,0.2004021447721179,0,0.5056970509383378,418.0,85.0,4.91764705882353,271.0,4.0,15.0,81.0,23.0,24.0,0.0,83.91666666666667,1.0,1.0,26.75,34.0,10.0060943775,15.851092686944444,3.3414060369444445,43.0,6.0,0.0,0
BJM0111,7.932065217391305,2010-01-04 11:31:05,19.0,17.0,1.0,113.0,0.3070652173913043,2.9562841530054644,231,0.3271245634458672,0.6580406654343808,0,0.0,7841.0,368.0,21.307065217391305,5006.0,55.0,404.0,1586.0,389.0,401.0,0.0052289248820303,27.15384615384616,0.0,0.0,15.692307692307692,0.0,9.032787204444444,16.324205630833333,3.0562443366666665,59.0,34.0,0.0,0
BJP0134,8.604046242774567,2010-01-04 09:10:32,0.0,14.0,1.0,4.0,0.0115606936416184,1.0,127,0.4151624548736462,0.6124260355029586,0,0.4526627218934911,8072.0,346.0,23.32947976878613,5180.0,62.0,420.0,1628.0,425.0,357.0,0.0,9.416666666666666,1.0,1.0,8.166666666666666,0.0,11.033107045833331,17.95110873666667,2.4502848816666667,0.0,0.0,5.0,0
BQS0525,8.020408163265307,2010-01-02 09:22:55,0.0,4.0,1.0,18.0,0.3673469387755102,2.897959183673469,87,0.3765690376569037,0.5352112676056338,0,0.0,57.0,22.0,2.590909090909091,37.0,0.0,4.0,14.0,1.0,1.0,0.0,25.83333333333333,1.2857142857142858,9.0,15.0,0.0,9.547182539444444,16.646299603055553,1.8154176266666668,0.0,16.0,7.0,0
BRB0355,2.133016627078385,2010-01-02 14:20:34,0.0,4.0,1.0,29.0,0.0688836104513064,9.710176991150442,684,0.3225851093274287,0.5516062884483938,0,0.5026201868307132,712.0,235.0,3.029787234042553,453.0,5.0,39.0,143.0,31.0,41.0,0.0,95.33333333333331,1.0,2.0,31.55555555555556,0.0,11.30330786777778,16.114917081111113,2.5396286716666667,0.0,214.0,148.0,0
CCA0046,3.79,2010-01-04 06:01:43,394.0,5.0,430.0,34.0,0.17,10.73134328358209,397,0.3036266516727579,0.5521557719054242,0,0.7269355586462679,1678.0,177.0,9.480225988700566,1071.0,15.0,85.0,306.0,94.0,107.0,0.5917759237187128,108.25,13.25,159.0,21.33333333333333,0.0,11.073417633888887,13.237735627222222,7.443347919444445,421.0,0.0,601.0,1
CCM0136,1.263157894736842,2010-01-07 10:51:27,0.0,1.0,1.0,23.0,0.2421052631578947,1.0,133,0.3636363636363636,0.6377245508982036,0,0.5059880239520959,137.0,47.0,2.9148936170212765,80.0,2.0,7.0,33.0,8.0,7.0,0.0,8.5,1.8,9.0,6.583333333333333,0.0,11.078532121944445,17.79664529888889,2.444444107777778,0.0,0.0,18.0,0
CEJ0109,2.1554054054054053,2010-01-04 14:29:01,0.0,2.0,1.0,15.0,0.0506756756756756,8.705696202531646,482,0.3973613595706619,0.0,0,0.0,679.0,210.0,3.2333333333333334,427.0,4.0,31.0,138.0,36.0,43.0,0.0,88.08333333333333,4.777777777777778,43.0,26.0,0.0,9.194444444444445,18.297851152777778,0.0874967658333333,0.0,0.0,0.0,1
CLB0774,8.635838150289016,2010-01-04 10:58:25,56.0,10.0,1.0,7.0,0.0202312138728323,2.9239766081871346,260,0.5039609993906154,0.522,0,0.0,7246.0,346.0,20.942196531791907,4649.0,46.0,392.0,1398.0,393.0,368.0,0.0198730333977366,27.33333333333333,1.7142857142857142,12.0,17.166666666666668,0.0,9.057093815277778,14.6579939725,3.941192005555555,62.0,7.0,0.0,0
CQH0701,1.256880733944954,2010-01-05 09:22:11,0.0,3.0,1.0,25.0,0.2293577981651376,1.0,144,0.5477477477477477,0.5658682634730539,0,0.4790419161676646,243.0,70.0,3.4714285714285715,144.0,1.0,15.0,54.0,15.0,14.0,0.0,9.5,1.4285714285714286,10.0,7.5,0.0,9.707561228055557,16.81599229277778,2.3887471272222225,0.0,0.0,0.0,0
CSC0217,2.0,2010-06-10 15:18:19,0.0,0.0,2.0,0.0,0.0,10.432432432432432,256,0.4519383961763143,0.0,0,0.0,1.0,1.0,1.0,0.0,1.0,0.0,0.0,0.0,0.0,0.0,108.91666666666669,12.916666666666666,155.0,36.75,0.0,10.902215084444446,12.997241256111112,7.435097893333333,244.0,0.0,352.0,1
DFH0188,1.6175298804780875,2010-01-04 16:38:42,0.0,5.0,1.0,32.0,0.1274900398406374,2.933333333333333,285,0.3438781487990627,0.2183794466403162,0,0.4861660079051383,6281.0,251.0,25.02390438247012,4026.0,38.0,310.0,1262.0,311.0,334.0,0.0,27.416666666666668,1.0,1.0,14.583333333333334,0.0,9.59836261472222,17.057411059444444,2.868807845833333,0.0,0.0,85.0,0
DIB0081,3.080745341614907,2010-01-04 11:07:50,0.0,3.0,1.0,9.0,0.0559006211180124,8.753086419753087,267,0.3551074090311267,0.7933709449929478,0,0.0,1580.0,161.0,9.813664596273291,1020.0,11.0,67.0,332.0,72.0,78.0,0.0,88.66666666666667,7.666666666666667,92.0,29.08333333333333,0.0,10.47829248361111,16.201883886111112,2.6980110041666667,0.0,0.0,49.0,0
DIB0285,2.327380952380953,2010-01-04 10:02:49,0.0,3.0,1.0,19.0,0.1130952380952381,8.814207650273223,320,0.390530303030303,0.3831370117792932,0,0.0,375.0,120.0,3.125,244.0,1.0,19.0,74.0,20.0,17.0,0.0,88.41666666666667,2.5,15.0,29.166666666666668,0.0,9.197101449166668,18.30760869555556,0.0922993958333333,0.0,0.0,0.0,1
DIW0118,2.141065830721004,2010-01-04 07:55:55,0.0,7.0,1.0,20.0,0.0626959247648902,13.540697674418604,742,0.3431321540062435,0.5154572778016316,0,0.0,1314.0,281.0,4.6761565836298935,844.0,12.0,60.0,265.0,63.0,70.0,0.0,134.41666666666666,5.0,60.0,37.16666666666666,0.0,9.652438355,15.042846926666668,2.6378292894444444,0.0,0.0,124.0,0
DMK0257,2.12,2010-01-04 08:16:13,12.0,7.0,1.0,99.0,0.3046153846153846,8.718840579710145,505,0.299636803874092,0.71875,0,0.4960106382978723,1499.0,295.0,5.081355932203389,964.0,11.0,63.0,311.0,77.0,73.0,0.0220146764509673,88.08333333333333,12.909090909090908,142.0,26.166666666666668,0.0,9.817651903611113,14.898167915,3.748393516111111,67.0,6.0,25.0,0
DPM0423,3.107871720116618,2010-01-04 13:04:42,0.0,1.0,1.0,23.0,0.0670553935860058,8.719653179190752,549,0.411527609834744,0.7341730195558502,0,0.4955253563142194,1403.0,298.0,4.708053691275167,906.0,13.0,74.0,267.0,73.0,70.0,0.0,89.5,1.0,3.0,27.0,0.0,9.263987356944446,16.959386092777777,2.712088919722222,0.0,0.0,111.0,0
FFC0891,2.2841530054644807,2010-01-04 15:04:14,4.0,3.0,1.0,14.0,0.0765027322404371,2.917525773195876,194,0.5107758620689655,0.7173144876325088,0,0.0,961.0,173.0,5.554913294797688,612.0,7.0,48.0,191.0,49.0,54.0,0.0124869927159209,27.0,1.4,7.0,15.833333333333334,7.0,11.611559970555556,16.000148401666667,3.263564687222222,22.0,2.0,69.0,0
FKK0055,1.2027972027972027,2010-01-08 09:46:30,0.0,0.0,1.0,27.0,0.1888111888111888,8.72354211663067,645,0.4957162182474072,0.8108442683832632,0,0.5023520673434019,601.0,127.0,4.732283464566929,377.0,3.0,27.0,132.0,26.0,36.0,0.0,95.17647058823528,5.571428571428571,78.0,34.705882352941174,0.0,10.580367016944445,17.311699045555557,2.4311880891666666,0.0,213.0,25.0,0
FSC0601,2.224561403508772,2010-01-04 11:28:16,0.0,5.0,1.0,21.0,0.0736842105263157,13.660130718954248,662,0.4437904649793996,0.204066985645933,0,0.4782296650717703,653.0,204.0,3.200980392156863,413.0,3.0,32.0,121.0,41.0,43.0,0.0,150.58333333333334,17.0,187.0,33.25,0.0,8.165317215277778,16.722500857222222,1.0440007736111112,0.0,0.0,18.0,1
GCL0016,1.2641509433962264,2010-01-07 13:48:06,0.0,1.0,1.0,24.0,0.2264150943396226,10.6340206185567,682,0.4211464211464211,0.5048473097430926,0,0.0,199.0,62.0,3.2096774193548385,128.0,1.0,18.0,31.0,7.0,14.0,0.0,107.76923076923076,4.222222222222222,38.0,31.46153846153846,0.0,10.102119455833332,17.79472153777778,2.4653525602777777,0.0,77.0,18.0,0
GHH0288,2.2445141065830723,2010-01-04 09:04:44,0.0,4.0,1.0,23.0,0.0721003134796238,1.0,129,0.3452157598499062,0.6547619047619048,0,0.494047619047619,1563.0,299.0,5.22742474916388,1004.0,7.0,85.0,303.0,80.0,84.0,0.0,9.333333333333334,2.0,10.0,5.833333333333333,0.0,9.57563668861111,17.2940023375,2.376251706111112,9.0,2.0,47.0,0
GKO0078,1.5316455696202531,2010-01-05 12:46:07,0.0,3.0,1.0,21.0,0.0886075949367088,17.391304347826086,919,0.40977139389035,0.6906666666666667,0,0.5016666666666667,942.0,214.0,4.401869158878505,604.0,6.0,41.0,190.0,47.0,54.0,0.0,178.08333333333334,5.888888888888889,53.0,36.0,0.0,9.724920848055556,15.984564834166669,2.788311257777778,0.0,0.0,127.0,0
HAH0760,2.1289308176100628,2010-01-04 09:14:41,0.0,12.0,1.0,22.0,0.0691823899371069,2.8927536231884057,251,0.3253968253968254,0.6082164328657315,0,0.4869739478957915,1900.0,311.0,6.109324758842444,1231.0,15.0,89.0,341.0,110.0,114.0,0.0,27.0,0.0,0.0,13.666666666666666,0.0,10.478807510277775,16.512572254166667,2.385908633333333,0.0,0.0,0.0,0
HCS0003,2.9444444444444446,2010-01-04 09:31:40,0.0,8.0,1.0,102.0,0.2982456140350877,26.291907514450862,1180,0.5749385749385749,0.8103770473782566,0,0.4995053314279433,3045.0,339.0,8.982300884955752,1968.0,19.0,150.0,583.0,139.0,186.0,0.0,267.1666666666667,4.888888888888889,44.0,51.083333333333336,0.0,8.47374759138889,17.522447013333334,0.1112458586111111,0.0,0.0,0.0,0
HJB0742,1.5,2010-11-16 23:13:18,5.0,0.0,1.0,1.0,0.25,14.49792531120332,583,0.4276246948029299,0.5020034344590727,0,0.0,5.0,2.0,2.5,4.0,0.0,0.0,1.0,0.0,0.0,1.0,160.83333333333334,8.25,99.0,34.666666666666664,0.0,10.04508096638889,16.522201098333333,2.600404613055556,4.0,0.0,18.0,1
HRB0351,1.1875,2010-01-12 10:26:36,0.0,2.0,1.0,19.0,0.1696428571428571,17.62402088772846,959,0.3532917908425901,0.208,0,0.5010370370370371,2662.0,112.0,23.767857142857142,1722.0,18.0,122.0,516.0,146.0,138.0,0.0,180.0,2.0,12.0,29.071428571428573,0.0,10.22054134,17.595328042222224,2.617296305,0.0,63.0,37.0,0
JBD0616,8.644508670520231,2010-01-04 08:06:06,0.0,14.0,1.0,1.0,0.0028901734104046,14.53757225433526,807,0.44227721565281,0.5278330019880716,0,0.4914512922465209,339.0,127.0,2.6692913385826773,223.0,2.0,19.0,56.0,24.0,15.0,0.0,152.91666666666666,14.333333333333334,172.0,49.25,0.0,10.136986979166666,16.812459330833335,2.465726790277777,0.0,0.0,16.0,0
JDB0169,7.927745664739884,2010-01-04 08:29:36,0.0,22.0,1.0,106.0,0.3063583815028902,13.49855072463768,746,0.414254186680514,0.1896070431608331,0,0.0,7791.0,346.0,22.517341040462423,4944.0,64.0,407.0,1579.0,420.0,377.0,0.0,153.16666666666666,9.083333333333334,109.0,38.75,0.0,9.810926075,15.7475433525,2.4065701944444444,0.0,0.0,0.0,0
JDC0030,1.2837837837837838,2010-01-02 14:14:43,1.0,0.0,1.0,39.0,0.2635135135135135,10.653361344537815,777,0.5480513192931493,0.7893906527312167,363,0.0,724.0,137.0,5.284671532846716,460.0,6.0,34.0,150.0,36.0,38.0,0.0096685082872928,108.76470588235294,3.866666666666666,58.0,37.41176470588236,9.0,10.71060775527778,19.174439018888886,2.5745653775,0.0,233.0,35.0,0
JDF0593,8.591280653950953,2010-01-04 08:28:53,17.0,10.0,1.0,3.0,0.0081743869209809,1.0,138,0.3067796610169491,0.2051282051282051,0,0.717948717948718,403.0,147.0,2.741496598639456,247.0,3.0,23.0,75.0,30.0,25.0,0.0024813895781637,9.538461538461538,1.0,3.0,7.461538461538462,2.0,10.853423395277778,16.57568296138889,3.632236800833333,54.0,38.0,77.0,0
JFC0557,4.043352601156069,2010-01-04 08:54:09,0.0,13.0,1.0,26.0,0.0751445086705202,8.701449275362318,478,0.3570564516129032,0.6862091938707529,0,0.0,2839.0,345.0,8.228985507246376,1820.0,24.0,136.0,556.0,133.0,170.0,0.0,89.25,1.0,1.0,22.75,0.0,10.98071589861111,18.01526974944445,2.364166823888889,0.0,0.0,0.0,0
JJH0613,3.0405797101449274,2010-01-04 09:28:53,0.0,3.0,1.0,31.0,0.0898550724637681,14.571014492753624,789,0.3796992481203007,0.6606325840461508,0,0.0,1641.0,322.0,5.096273291925466,1057.0,10.0,75.0,320.0,91.0,88.0,0.0,153.66666666666666,16.0,192.0,35.083333333333336,0.0,10.302575793055556,16.111292048888888,2.542487491388889,0.0,0.0,90.0,0
JRG0207,4.6,2011-01-18 05:25:48,23.0,0.0,1.0,0.0,0.0,13.672597864768685,630,0.2945194598888006,0.3521603331598126,0,0.0,27.0,3.0,9.0,18.0,0.0,2.0,4.0,1.0,2.0,1.0,136.16666666666666,1.8888888888888888,17.0,28.25,0.0,7.8503310102777775,15.658052651944445,1.3411013744444444,4.0,0.0,0.0,1
KCS0173,1.5,2010-01-05 10:04:45,0.0,6.0,1.0,17.0,0.0708333333333333,13.56231884057971,753,0.3204994797086368,0.6621072878820261,0,0.4934815131438341,260.0,95.0,2.736842105263158,164.0,0.0,20.0,51.0,12.0,13.0,0.0,144.58333333333334,11.454545454545457,126.0,35.666666666666664,0.0,9.922080697222222,15.114313290277776,2.450902253333333,0.0,0.0,67.0,0
KKW0879,8.548556430446194,2010-01-04 07:43:03,10.0,13.0,1.0,1.0,0.0026246719160104,13.609498680738788,818,0.4051519468186135,0.2382706475378053,7,0.5013571151609151,1534.0,326.0,4.705521472392638,987.0,13.0,86.0,299.0,66.0,83.0,0.0032594524119947,152.84615384615384,14.153846153846152,184.0,39.23076923076923,0.0,8.52884515888889,16.729281842777777,2.9351536272222223,20.0,37.0,48.0,0
KPC0073,1.6,2010-07-06 23:33:25,5.0,0.0,1.0,1.0,0.2,8.798657718120806,252,0.2906755470980019,0.7055682684973302,0,0.5003813882532419,0.0,0.0,0.0,0.0,0.0,0.0,0.0,0.0,0.0,0.0,89.58333333333333,6.583333333333333,79.0,32.25,0.0,8.193477633333334,17.760636724166666,2.0586699825,4.0,0.0,0.0,1
KRL0501,2.253968253968254,2010-01-04 13:10:19,0.0,6.0,1.0,24.0,0.0952380952380952,14.60754716981132,615,0.4155019059720457,0.0,0,0.0,578.0,176.0,3.284090909090909,349.0,2.0,29.0,132.0,35.0,31.0,0.0,153.83333333333334,13.090909090909092,144.0,42.333333333333336,0.0,8.2181132075,17.283018867777777,0.1188601683333333,0.0,0.0,0.0,1
KWE0082,2.206153846153846,2010-01-04 13:27:31,0.0,10.0,1.0,31.0,0.0953846153846153,8.80232558139535,543,0.4939472117483627,0.6238441215323646,0,0.500330250990753,2234.0,318.0,7.0251572327044025,1435.0,14.0,108.0,437.0,116.0,124.0,0.0,90.83333333333331,2.142857142857143,15.0,35.583333333333336,0.0,9.973907675555555,17.049903660833333,2.388807068055556,0.0,0.0,0.0,0
LBF0214,1.5342019543973942,2010-01-03 12:44:11,10.0,1.0,1.0,29.0,0.0944625407166123,13.483516483516484,886,0.3226950354609929,0.545721271393643,0,0.4994295028524857,1236.0,266.0,4.646616541353383,781.0,12.0,56.0,257.0,59.0,71.0,0.0299352750809061,141.4,6.2,93.0,31.8,49.0,10.085511494166663,13.959850979166667,3.404975320833333,61.0,232.0,122.0,0
LCC0819,2.348993288590604,2010-01-04 10:32:47,26.0,0.0,1.0,16.0,0.1073825503355704,9.0,259,0.4485420240137221,0.0,238,0.0,337.0,97.0,3.4742268041237114,213.0,3.0,17.0,68.0,20.0,16.0,0.1335311572700296,89.08333333333333,5.545454545454546,61.0,34.333333333333336,11.818181818181818,8.478768577222223,20.50902335444444,0.1508476933333333,0.0,0.0,0.0,1
LRR0148,2.118279569892473,2010-01-02 11:50:13,0.0,7.0,1.0,116.0,0.3118279569892473,13.5675,800,0.4560692991337608,0.5010134512622075,0,0.0,907.0,256.0,3.54296875,582.0,3.0,56.0,172.0,46.0,48.0,0.0,136.21428571428572,6.642857142857143,93.0,45.0,0.0,9.302340137222222,15.448595592777776,2.730308909722222,0.0,104.0,137.0,0
MCD0125,1.2222222222222223,2010-01-07 18:41:23,0.0,0.0,1.0,11.0,0.2037037037037037,8.761363636363637,297,0.4627702161729383,0.5479896238651103,66,0.4883268482490272,434.0,54.0,8.037037037037036,284.0,2.0,25.0,80.0,23.0,20.0,0.0046082949308755,90.53333333333332,4.333333333333333,65.0,35.4,5.166666666666667,10.848929334444444,18.41972347888889,3.0062334044444445,4.0,72.0,45.0,0
MOH0273,7.867830423940149,2010-01-02 07:21:06,0.0,15.0,1.0,114.0,0.28428927680798,8.679197994987469,572,0.4103656372026979,0.188853595148715,0,0.459717008374242,9306.0,401.0,23.206982543640898,5966.0,47.0,468.0,1878.0,477.0,470.0,0.0,90.8,4.333333333333333,52.0,24.933333333333334,0.0,7.204073150277778,17.294804655,0.0944062211111111,0.0,53.0,0.0,0
MOS0047,5.045454545454546,2010-01-04 00:20:11,365.0,2.0,391.0,24.0,0.1363636363636363,10.75,350,0.330222079176054,0.8097251585623678,0,0.0,1593.0,164.0,9.71341463414634,1023.0,14.0,91.0,326.0,68.0,71.0,0.5580665411173886,108.66666666666669,12.166666666666666,146.0,33.666666666666664,0.0,11.60887181861111,13.546014109166666,6.878437208611111,388.0,0.0,580.0,1
MPM0220,11.546296296296296,2010-01-04 03:20:26,473.0,10.0,440.0,23.0,0.1064814814814814,10.680555555555555,423,0.4179574691520084,0.2297355873428695,0,0.0,6689.0,216.0,30.96759259259259,4276.0,48.0,349.0,1331.0,367.0,318.0,0.1660935864852743,108.33333333333331,10.636363636363637,117.0,31.75,0.0,11.415409114166666,13.032625301666666,7.029380244722222,506.0,1.0,667.0,1
NAF0326,2.179176755447942,2010-01-03 11:06:13,0.0,10.0,1.0,28.0,0.0677966101694915,15.582056892778994,986,0.2891027844620144,0.5986518747366942,0,0.502597949726162,2446.0,400.0,6.115,1547.0,18.0,140.0,500.0,109.0,132.0,0.0,154.33333333333334,14.6,219.0,25.866666666666667,0.0,9.932260889166669,14.565420685833336,2.4593450050000003,0.0,218.0,164.0,0
NGF0157,1.2118644067796611,2010-01-05 07:56:49,0.0,2.0,1.0,23.0,0.1949152542372881,8.74074074074074,607,0.4976991150442478,0.4932203389830508,0,0.4988700564971751,305.0,85.0,3.588235294117647,192.0,0.0,14.0,63.0,16.0,20.0,0.0,86.21428571428571,3.0,30.0,36.92857142857143,8.0,9.221400768611112,15.80003218861111,3.266515658888889,42.0,104.0,19.0,0
NKP0236,1.2424242424242424,2010-01-08 13:18:01,0.0,0.0,1.0,24.0,0.2424242424242424,8.700581395348838,508,0.3350462487153134,0.2034747744737721,5,0.7103240895422653,299.0,77.0,3.883116883116883,184.0,3.0,12.0,62.0,22.0,16.0,0.0,89.41666666666667,6.0,72.0,26.666666666666668,0.0,8.141266823055556,17.805914710277776,1.74474576,9.0,0.0,0.0,0
NWT0098,2.148026315789474,2010-01-04 08:24:53,0.0,7.0,1.0,24.0,0.0789473684210526,8.86833855799373,524,0.4767641996557659,0.3958996111700247,0,0.0,702.0,216.0,3.25,438.0,2.0,42.0,144.0,38.0,38.0,0.0,90.41666666666669,1.8571428571428568,13.0,32.083333333333336,0.0,7.2019853708333335,17.29451410638889,0.0969011169444444,0.0,0.0,0.0,1
OBH0499,8.59860788863109,2010-01-03 10:53:54,10.0,17.0,1.0,3.0,0.0069605568445475,14.51981351981352,972,0.4752658795980096,0.5761759511960186,0,0.0,594.0,218.0,2.7247706422018347,368.0,6.0,32.0,125.0,30.0,33.0,0.005050505050505,154.5,5.769230769230769,75.0,40.875,21.0,10.484150434722222,15.890964808055555,3.0445649716666665,32.0,173.0,95.0,0
OCS0865,2.0529595015576323,2010-01-04 09:27:54,0.0,8.0,1.0,95.0,0.2959501557632398,15.49855072463768,844,0.5489550204452521,0.7340564802693099,0,0.4914905554516551,873.0,232.0,3.7629310344827593,541.0,5.0,40.0,185.0,50.0,52.0,0.0,151.91666666666666,9.333333333333334,112.0,46.66666666666666,0.0,9.857890897777777,17.425240891111113,2.4901529294444447,0.0,0.0,23.0,0
PAD0773,1.2277227722772277,2010-01-05 09:51:44,0.0,1.0,1.0,20.0,0.198019801980198,2.9590643274853803,255,0.436385255648038,0.1897233201581027,0,0.7015810276679841,2558.0,101.0,25.32673267326733,1643.0,19.0,125.0,497.0,139.0,135.0,0.0,28.416666666666668,0.0,0.0,16.083333333333332,0.0,10.7326400825,15.858262734166663,2.478640233333333,0.0,0.0,75.0,0
PDH0716,2.076687116564417,2010-01-04 12:52:18,0.0,7.0,1.0,107.0,0.3282208588957055,1.0,144,0.4895238095238095,0.8961424332344213,0,0.5133531157270029,1723.0,307.0,5.612377850162867,1110.0,16.0,113.0,311.0,77.0,96.0,0.0,9.5,1.8,18.0,7.666666666666667,0.0,9.930612305833332,16.447676496666666,2.5040100527777778,0.0,0.0,27.0,0
PNL0301,2.26027397260274,2010-01-04 11:52:23,0.0,7.0,1.0,12.0,0.0821917808219178,1.086092715231788,96,0.3522727272727273,0.4207317073170731,0,0.0,296.0,96.0,3.083333333333333,183.0,4.0,16.0,63.0,11.0,19.0,0.0,9.333333333333334,1.3333333333333333,8.0,7.25,0.0,8.945405982777778,18.06378205111111,0.0952561855555555,0.0,0.0,0.0,1
QJR0688,1.56640625,2010-01-05 10:44:28,0.0,4.0,1.0,22.0,0.0859375,9.811111111111112,586,0.4415539368713146,0.6214609286523216,51,0.4878255945639864,1069.0,228.0,4.68859649122807,679.0,6.0,57.0,227.0,43.0,57.0,0.0,89.07142857142857,3.75,30.0,35.42857142857143,5.666666666666667,10.345361743611113,17.89115309388889,2.814357992222222,0.0,20.0,123.0,0
RAR0725,2.1481481481481484,2010-01-04 07:57:00,0.0,0.0,1.0,16.0,0.0987654320987654,1.0797546012269938,88,0.3566176470588235,0.2556818181818182,0,0.0,355.0,115.0,3.0869565217391304,224.0,3.0,19.0,65.0,22.0,22.0,0.0,9.333333333333334,1.5,9.0,7.083333333333333,0.0,7.720467836111111,16.776413255277777,0.1127501230555555,0.0,0.0,0.0,1
RUM0880,2.1635802469135803,2010-01-04 08:07:34,8.0,4.0,1.0,18.0,0.0555555555555555,14.546511627906977,780,0.4528602995335133,0.7731814548361311,0,0.0,2199.0,318.0,6.915094339622642,1400.0,18.0,132.0,415.0,114.0,120.0,0.0145520691223283,152.58333333333334,9.833333333333334,118.0,46.583333333333336,0.0,9.954523148055555,16.656834888055556,3.206791078055556,30.0,4.0,15.0,0
SAA0999,8.647398843930636,2010-01-04 09:55:32,32.0,13.0,1.0,7.0,0.0202312138728323,8.716763005780347,491,0.4945935122146576,0.5954907161803713,113,0.0,8468.0,346.0,24.47398843930636,5375.0,66.0,427.0,1714.0,433.0,453.0,0.016769012753897,84.66666666666667,2.090909090909091,23.0,30.666666666666668,4.0,10.30267504388889,19.10934115805556,2.4046565625,0.0,0.0,9.0,0
SBN0866,1.5708333333333333,2010-01-04 10:36:27,1.0,3.0,1.0,27.0,0.1125,14.628985507246377,774,0.4185852320171776,0.5244699821676243,0,0.0,5864.0,240.0,24.433333333333334,3789.0,33.0,298.0,1164.0,287.0,293.0,0.0003410641200545,152.91666666666666,11.545454545454543,127.0,41.41666666666666,27.0,8.115949820555556,17.129502688055556,2.844526912777778,25.0,1.0,0.0,0
SMY0792,1.5702479338842976,2010-01-04 15:03:17,0.0,2.0,1.0,23.0,0.0950413223140495,8.73121387283237,547,0.4475283630470016,0.5508109897384972,0,0.4958622972525653,1209.0,230.0,5.256521739130434,778.0,8.0,53.0,237.0,74.0,59.0,0.0,89.83333333333333,3.0,3.0,32.5,0.0,10.495522756666666,16.584937900555556,2.613614481944445,0.0,0.0,70.0,0
VSS0154,2.31,2010-01-04 11:00:37,0.0,2.0,1.0,24.0,0.12,10.75233644859813,356,0.3152325257588415,0.615819209039548,0,0.4863102998696219,405.0,120.0,3.375,255.0,4.0,21.0,76.0,18.0,31.0,0.0,106.58333333333331,9.5,114.0,28.25,0.0,8.430985915277779,18.55856697805556,0.0840984891666666,0.0,0.0,0.0,1
AAE0190,0.0,0,0.0,0.0,0.0,0.0,0.0,13.655072463768116,718,0.4154902214739023,0.3778390999787731,0,0.0,0.0,0.0,0.0,0.0,0.0,0.0,0.0,0.0,0.0,0.0,134.16666666666666,5.833333333333333,70.0,45.333333333333336,0.0,8.225578034444444,18.278564546944445,0.1095742152777777,0.0,0.0,0.0,0
ABM0845,0.0,0,0.0,0.0,0.0,0.0,0.0,1.0,144,0.4733218588640275,0.2705882352941176,23,0.5235294117647059,0.0,0.0,0.0,0.0,0.0,0.0,0.0,0.0,0.0,0.0,9.5,1.3333333333333333,4.0,7.666666666666667,1.1428571428571428,10.556726785833334,19.0538264075,2.4343097994444447,1.0,0.0,23.0,0
AES0827,0.0,0,0.0,0.0,0.0,0.0,0.0,1.0,139,0.5362318840579711,0.0,20,0.0,0.0,0.0,0.0,0.0,0.0,0.0,0.0,0.0,0.0,0.0,9.416666666666666,1.0,2.0,8.666666666666666,1.375,8.46262042388889,19.546194605,0.0924858299999999,0.0,0.0,0.0,0
AGB0643,0.0,0,0.0,0.0,0.0,0.0,0.0,2.941860465116279,253,0.5134818288393904,0.3636363636363636,222,0.0,0.0,0.0,0.0,0.0,0.0,0.0,0.0,0.0,0.0,0.0,27.25,1.2857142857142858,9.0,16.75,6.181818181818182,9.20284200361111,21.29287090555556,0.0968295283333333,0.0,0.0,0.0,0
AIP0394,0.0,0,0.0,0.0,0.0,0.0,0.0,8.8231884057971,510,0.4020824989987985,0.5942838370565046,37,0.4960578186596583,0.0,0.0,0.0,0.0,0.0,0.0,0.0,0.0,0.0,0.0,88.83333333333333,6.090909090909091,67.0,31.58333333333333,5.0,9.89658761,17.777035340277777,3.044466485833333,28.0,3.0,0.0,0
AJP0723,0.0,0,0.0,0.0,0.0,0.0,0.0,1.0,135,0.4598930481283422,0.0,0,0.0,0.0,0.0,0.0,0.0,0.0,0.0,0.0,0.0,0.0,0.0,9.583333333333334,1.0,7.0,7.75,0.0,7.720809248333333,16.782273603055557,0.1131691913888888,0.0,0.0,0.0,0
AKC0924,0.0,0,0.0,0.0,0.0,0.0,0.0,8.806358381502891,517,0.4247226624405705,0.4384640630127995,244,0.0,0.0,0.0,0.0,0.0,0.0,0.0,0.0,0.0,0.0,0.0,88.41666666666667,1.7142857142857142,12.0,28.75,7.7,8.4437379575,19.554913294722223,0.0908235536111111,0.0,0.0,0.0,0
AKK0329,0.0,0,0.0,0.0,0.0,0.0,0.0,2.956140350877193,242,0.5733890214797136,0.685459940652819,0,0.0,0.0,0.0,0.0,0.0,0.0,0.0,0.0,0.0,0.0,0.0,27.58333333333333,2.25,9.0,20.666666666666668,0.0,7.226396916944445,18.270423891944443,0.1275751469444444,0.0,0.0,0.0,0
AKW0167,0.0,0,0.0,0.0,0.0,0.0,0.0,10.71220930232558,668,0.4217664571617598,0.2149253731343283,0,0.0,0.0,0.0,0.0,0.0,0.0,0.0,0.0,0.0,0.0,0.0,108.33333333333331,6.166666666666667,74.0,35.833333333333336,0.0,7.7051541425,15.79985549111111,0.0952237399999999,0.0,0.0,0.0,0
APG0307,0.0,0,0.0,0.0,0.0,0.0,0.0,1.0,134,0.3597122302158273,0.4,0,0.0,0.0,0.0,0.0,0.0,0.0,0.0,0.0,0.0,0.0,0.0,9.666666666666666,1.5,6.0,8.083333333333334,0.0,8.953949903611111,18.046098265833333,0.0976559672222222,0.0,0.0,0.0,0
ARB0834,0.0,0,0.0,0.0,0.0,0.0,0.0,1.0,104,0.5959885386819485,0.4541062801932367,17,0.0,0.0,0.0,0.0,0.0,0.0,0.0,0.0,0.0,0.0,0.0,9.666666666666666,1.6,8.0,8.25,1.0,8.440679304722222,19.5546603475,0.0962663402777777,0.0,0.0,0.0,0
ARL0034,0.0,0,0.0,0.0,0.0,0.0,0.0,13.53623188405797,716,0.4150745878042397,0.3466809421841542,0,0.0,0.0,0.0,0.0,0.0,0.0,0.0,0.0,0.0,0.0,0.0,135.25,3.555555555555556,32.0,33.5,0.0,7.699036608611111,15.797206165555556,0.0993247891666666,0.0,0.0,0.0,0
BEC0505,0.0,0,0.0,0.0,0.0,0.0,0.0,14.547826086956524,793,0.4186498300145702,0.5331739390316796,0,0.0,0.0,0.0,0.0,0.0,0.0,0.0,0.0,0.0,0.0,0.0,144.08333333333334,5.083333333333333,61.0,35.5,0.0,8.228179190555556,17.259296724444443,0.1247474433333333,0.0,0.0,0.0,0
BSB0990,0.0,0,0.0,0.0,0.0,0.0,0.0,8.76453488372093,508,0.3325153374233129,0.4215588723051409,0,0.0,0.0,0.0,0.0,0.0,0.0,0.0,0.0,0.0,0.0,0.0,90.5,4.333333333333333,13.0,28.08333333333333,0.0,7.1910404622222215,15.30067437361111,0.0942638719444444,0.0,0.0,0.0,0
BTL0722,0.0,0,0.0,0.0,0.0,0.0,0.0,1.0,138,0.5906542056074766,0.4580838323353293,0,0.0,0.0,0.0,0.0,0.0,0.0,0.0,0.0,0.0,0.0,0.0,9.416666666666666,1.1666666666666667,7.0,7.916666666666667,0.0,7.698458574166667,16.796917148333332,0.0950423263888888,0.0,0.0,0.0,0
BTW0005,0.0,0,0.0,0.0,0.0,0.0,0.0,25.86705202312139,1175,0.4700778794917338,0.6672625698324023,0,0.0,0.0,0.0,0.0,0.0,0.0,0.0,0.0,0.0,0.0,0.0,269.25,6.1,61.0,56.583333333333336,0.0,8.557105984722222,15.348824511111111,2.3392085294444445,0.0,0.0,120.0,0
BVN0514,0.0,0,0.0,0.0,0.0,0.0,0.0,2.9727272727272727,129,0.2690166975881262,0.2201834862385321,0,0.0,0.0,0.0,0.0,0.0,0.0,0.0,0.0,0.0,0.0,0.0,27.25,1.5,12.0,15.25,0.0,9.211101694722222,16.733747645833333,1.0248868427777778,0.0,0.0,8.0,0
CAC0889,0.0,0,0.0,0.0,0.0,0.0,0.0,2.8813559322033897,90,0.4823943661971831,0.1470588235294117,0,0.0,0.0,0.0,0.0,0.0,0.0,0.0,0.0,0.0,0.0,0.0,27.166666666666668,1.2,6.0,13.75,0.0,9.181111111111113,18.30444444444445,0.0862193291666666,0.0,0.0,0.0,0
CAM0102,0.0,0,0.0,0.0,0.0,0.0,0.0,8.780346820809248,519,0.3610942249240121,0.0,0,0.0,0.0,0.0,0.0,0.0,0.0,0.0,0.0,0.0,0.0,0.0,89.75,1.5714285714285714,11.0,29.166666666666668,0.0,7.194219653055555,17.297736030555555,0.0933901719444444,0.0,0.0,0.0,0
CCM0467,0.0,0,0.0,0.0,0.0,0.0,0.0,1.0,141,0.3725490196078431,0.4238805970149253,0,0.0,0.0,0.0,0.0,0.0,0.0,0.0,0.0,0.0,0.0,0.0,9.416666666666666,1.6666666666666667,5.0,6.916666666666667,0.0,7.956358381388889,18.04335260111112,0.0989218919444444,0.0,0.0,0.0,0
CCW0524,0.0,0,0.0,0.0,0.0,0.0,0.0,2.950292397660818,264,0.4254545454545455,0.4112983151635282,0,0.0,0.0,0.0,0.0,0.0,0.0,0.0,0.0,0.0,0.0,0.0,27.0,1.8,9.0,13.833333333333334,0.0,8.971772639444444,17.030491329444445,0.1181224766666666,0.0,0.0,0.0,0
CEL0561,0.0,0,0.0,0.0,0.0,0.0,0.0,8.69855072463768,504,0.4511354420113544,0.4595134955014995,0,0.0,0.0,0.0,0.0,0.0,0.0,0.0,0.0,0.0,0.0,0.0,88.5,2.625,21.0,32.666666666666664,0.0,10.965982384722222,18.049518304166664,2.364636443055556,0.0,0.0,0.0,0
CFW0264,0.0,0,0.0,0.0,0.0,0.0,0.0,8.733333333333333,118,0.4321266968325792,0.0,0,0.0,0.0,0.0,0.0,0.0,0.0,0.0,0.0,0.0,0.0,0.0,94.33333333333331,1.4285714285714286,10.0,23.58333333333333,0.0,7.468333333333334,15.532777777777778,0.1100291005555555,0.0,0.0,0.0,0
CGF0337,0.0,0,0.0,0.0,0.0,0.0,0.0,2.941860465116279,243,0.4156553398058252,0.0,0,0.0,0.0,0.0,0.0,0.0,0.0,0.0,0.0,0.0,0.0,0.0,27.25,2.0,2.0,15.5,0.0,7.226107899722223,18.275433525833336,0.1123779388888888,0.0,0.0,0.0,0
CJH0702,0.0,0,0.0,0.0,0.0,0.0,0.0,1.0,131,0.3850267379679144,0.0,0,0.0,0.0,0.0,0.0,0.0,0.0,0.0,0.0,0.0,0.0,0.0,9.583333333333334,1.5,15.0,7.666666666666667,0.0,7.727215799444445,16.772061656944445,0.1249682225,0.0,0.0,0.0,0
CJM0521,0.0,0,0.0,0.0,0.0,0.0,0.0,2.9190371991247264,310,0.4241738343141693,0.1896551724137931,0,0.0,0.0,0.0,0.0,0.0,0.0,0.0,0.0,0.0,0.0,0.0,27.705882352941178,1.9285714285714288,27.0,15.588235294117649,0.0,8.987428160833334,17.01142241361111,0.1346942588888889,0.0,113.0,0.0,0
CKD0680,0.0,0,0.0,0.0,0.0,0.0,0.0,8.800578034682081,525,0.4232909379968203,0.4091954022988506,0,0.0,0.0,0.0,0.0,0.0,0.0,0.0,0.0,0.0,0.0,0.0,90.25,9.583333333333334,115.0,32.0,0.0,7.937620423888889,16.053612716666667,0.0833580008333333,0.0,0.0,0.0,0
CMM0487,0.0,0,0.0,0.0,0.0,0.0,0.0,14.507246376811594,826,0.531147141289772,0.0,0,0.0,0.0,0.0,0.0,0.0,0.0,0.0,0.0,0.0,0.0,0.0,152.0,6.833333333333333,82.0,49.66666666666666,0.0,8.222928708888888,17.277938342777777,0.1232384933333333,0.0,0.0,0.0,0
CMS0454,0.0,0,0.0,0.0,0.0,0.0,0.0,1.0,145,0.296229802513465,0.4375,0,0.0,0.0,0.0,0.0,0.0,0.0,0.0,0.0,0.0,0.0,0.0,9.416666666666666,1.0,1.0,7.583333333333333,0.0,7.981262042222222,18.01565510583333,0.1232074563888889,0.0,0.0,0.0,0
CNM0800,0.0,0,0.0,0.0,0.0,0.0,0.0,8.678260869565218,536,0.288619556285949,0.7618570474281897,0,0.0,0.0,0.0,0.0,0.0,0.0,0.0,0.0,0.0,0.0,0.0,89.33333333333333,5.7,57.0,20.75,0.0,8.255394990277779,17.251252408333333,0.14422804,0.0,0.0,0.0,0
COF0120,0.0,0,0.0,0.0,0.0,0.0,0.0,9.78544061302682,407,0.335224586288416,0.5732184808144087,593,0.0,0.0,0.0,0.0,0.0,0.0,0.0,0.0,0.0,0.0,0.0,106.08333333333331,1.818181818181818,20.0,35.25,24.09090909090909,8.853259694166667,19.40113814305556,2.4636707422222224,28.0,5.0,0.0,0
CRO0027,0.0,0,0.0,0.0,0.0,0.0,0.0,8.802898550724638,469,0.4285417100062409,0.5459334869937438,0,0.4939084622983207,0.0,0.0,0.0,0.0,0.0,0.0,0.0,0.0,0.0,0.0,93.58333333333331,8.363636363636363,92.0,25.0,0.0,11.204357909166667,17.866164093055556,2.599912341111111,8.0,2.0,12.0,0
CSH0626,0.0,0,0.0,0.0,0.0,0.0,0.0,13.587786259541986,804,0.3890975304426994,0.6020599250936329,0,0.7352059925093632,0.0,0.0,0.0,0.0,0.0,0.0,0.0,0.0,0.0,0.0,154.07692307692307,4.583333333333333,55.0,34.53846153846154,0.0,10.249236024166668,15.386401848055556,3.563148308611111,63.0,87.0,22.0,0
CTR0341,0.0,0,0.0,0.0,0.0,0.0,0.0,3.0185185185185186,309,0.3496240601503759,0.612815269256987,39,0.50920245398773,0.0,0.0,0.0,0.0,0.0,0.0,0.0,0.0,0.0,0.0,28.0,0.0,0.0,14.27777777777778,0.0,9.56385681611111,16.218416026944446,3.816340272222222,98.0,277.0,17.0,0
CTW0500,0.0,0,0.0,0.0,0.0,0.0,0.0,14.417391304347824,794,0.4517122443951712,0.7979493365500603,0,0.0,0.0,0.0,0.0,0.0,0.0,0.0,0.0,0.0,0.0,0.0,153.25,1.4444444444444444,13.0,40.333333333333336,0.0,8.21156069361111,17.294653179166666,0.1012622669444444,0.0,0.0,0.0,0
CWB0065,0.0,0,0.0,0.0,0.0,0.0,0.0,8.652173913043478,511,0.4279334145351198,0.4860971524288107,0,0.5018425460636516,0.0,0.0,0.0,0.0,0.0,0.0,0.0,0.0,0.0,0.0,90.08333333333331,6.166666666666667,74.0,38.083333333333336,0.0,9.500840933055557,14.242124969444443,2.4760221047222224,0.0,0.0,111.0,0
DAR0885,0.0,0,0.0,0.0,0.0,0.0,0.0,2.945945945945946,81,0.4715909090909091,0.5504587155963303,0,0.5412844036697247,0.0,0.0,0.0,0.0,0.0,0.0,0.0,0.0,0.0,0.0,27.72222222222222,1.8888888888888888,17.0,18.444444444444443,7.0,10.505737547777777,15.666551723888889,4.0945070277777775,7.0,17.0,13.0,0
DBS0235,0.0,0,0.0,0.0,0.0,0.0,0.0,8.76878612716763,514,0.5444062310337852,0.2165458141067897,26,0.0,0.0,0.0,0.0,0.0,0.0,0.0,0.0,0.0,0.0,0.0,89.08333333333333,2.75,22.0,37.583333333333336,1.6666666666666667,8.435933600555556,18.713073380833336,2.118830183888889,0.0,0.0,28.0,0
DGF0443,0.0,0,0.0,0.0,0.0,0.0,0.0,8.690751445086706,531,0.3574485428979009,0.0,0,0.0,0.0,0.0,0.0,0.0,0.0,0.0,0.0,0.0,0.0,0.0,89.33333333333333,1.3333333333333333,8.0,26.916666666666668,0.0,7.945134874722222,17.054287090555555,0.0930582441666666,0.0,0.0,0.0,0
DJS0682,0.0,0,0.0,0.0,0.0,0.0,0.0,8.704347826086957,504,0.4598510766753874,0.0,27,0.0,0.0,0.0,0.0,0.0,0.0,0.0,0.0,0.0,0.0,0.0,88.25,1.5,6.0,34.833333333333336,1.0,8.986030828333334,19.022013487222225,0.1208961983333333,0.0,0.0,0.0,0
EBC0390,0.0,0,0.0,0.0,0.0,0.0,0.0,8.747826086956522,521,0.3319951826575672,0.0,0,0.0,0.0,0.0,0.0,0.0,0.0,0.0,0.0,0.0,0.0,0.0,89.91666666666667,2.571428571428572,18.0,24.666666666666668,0.0,7.954287090555556,16.047350674166665,0.0992163613888888,0.0,0.0,0.0,0
ECF0828,0.0,0,0.0,0.0,0.0,0.0,0.0,1.0,109,0.3620178041543027,0.0,20,0.0,0.0,0.0,0.0,0.0,0.0,0.0,0.0,0.0,0.0,0.0,9.416666666666666,2.0,12.0,7.5,1.5714285714285714,8.419431279444444,19.562164296944445,0.0942191122222222,0.0,0.0,0.0,0
EIP0997,0.0,0,0.0,0.0,0.0,0.0,0.0,8.770348837209303,549,0.4101168883514712,0.0,87,0.0,0.0,0.0,0.0,0.0,0.0,0.0,0.0,0.0,0.0,0.0,88.58333333333333,1.8,9.0,30.58333333333333,4.4,8.214691714722223,19.274229286944443,0.1172145230555555,0.0,0.0,0.0,0
ELT0769,0.0,0,0.0,0.0,0.0,0.0,0.0,2.9186046511627906,233,0.3739789964994165,0.0,0,0.0,0.0,0.0,0.0,0.0,0.0,0.0,0.0,0.0,0.0,0.0,27.33333333333333,1.0,3.0,14.833333333333334,0.0,8.479720616388889,16.510645471944443,0.1275772719444444,0.0,0.0,0.0,0
ESA0642,0.0,0,0.0,0.0,0.0,0.0,0.0,2.9186046511627906,254,0.5066991473812423,0.0,193,0.0,0.0,0.0,0.0,0.0,0.0,0.0,0.0,0.0,0.0,0.0,27.916666666666668,3.0,27.0,16.583333333333332,5.545454545454546,9.252360308055556,21.25293834277777,0.140679455,0.0,0.0,0.0,0
FGW0853,0.0,0,0.0,0.0,0.0,0.0,0.0,13.515942028985508,683,0.458382487875213,0.6289942097362213,0,0.4743727214239759,0.0,0.0,0.0,0.0,0.0,0.0,0.0,0.0,0.0,0.0,152.75,5.111111111111111,46.0,25.416666666666668,20.0,8.56253540888889,15.794286935277778,3.9334476747222222,60.0,5.0,41.0,0
FLM0213,0.0,0,0.0,0.0,0.0,0.0,0.0,13.569767441860463,690,0.3196116504854369,0.3830334190231362,0,0.0,0.0,0.0,0.0,0.0,0.0,0.0,0.0,0.0,0.0,0.0,135.5,7.333333333333333,88.0,29.916666666666668,0.0,7.703140096388889,15.804768786111111,0.0931900963888889,0.0,0.0,0.0,0
FQA0854,0.0,0,0.0,0.0,0.0,0.0,0.0,14.507246376811594,802,0.4724061810154525,0.5022977022977023,0,0.4983016983016983,0.0,0.0,0.0,0.0,0.0,0.0,0.0,0.0,0.0,0.0,152.33333333333334,11.666666666666666,140.0,46.91666666666666,0.0,7.765159860555555,17.71444840138889,0.7241629286111111,0.0,0.0,5.0,0
FUM0015,0.0,0,0.0,0.0,0.0,0.0,0.0,17.670520231213874,900,0.4440461967343688,0.7405953549231272,381,0.0,0.0,0.0,0.0,0.0,0.0,0.0,0.0,0.0,0.0,0.0,178.16666666666666,5.7,57.0,43.25,10.1,8.4801541425,19.51859344888889,0.1332469838888889,0.0,0.0,0.0,0
FXF0957,0.0,0,0.0,0.0,0.0,0.0,0.0,1.0,132,0.3818181818181818,0.4059701492537313,0,0.0,0.0,0.0,0.0,0.0,0.0,0.0,0.0,0.0,0.0,0.0,9.416666666666666,1.3333333333333333,12.0,7.333333333333333,0.0,7.2230732175,16.27509633888889,0.1165384930555555,0.0,0.0,0.0,0
GBM0603,0.0,0,0.0,0.0,0.0,0.0,0.0,14.557632398753894,752,0.4620286085825748,0.3913973892574363,0,0.0,0.0,0.0,0.0,0.0,0.0,0.0,0.0,0.0,0.0,0.0,152.83333333333334,11.909090909090908,131.0,42.0,0.0,7.954554865277778,17.050569358055554,0.0907258444444444,0.0,0.0,0.0,0
GCC0744,0.0,0,0.0,0.0,0.0,0.0,0.0,14.632947976878611,804,0.4727734753146176,0.0,0,0.0,0.0,0.0,0.0,0.0,0.0,0.0,0.0,0.0,0.0,0.0,151.16666666666666,4.444444444444445,40.0,38.333333333333336,0.0,7.951396916944445,17.052263969166667,0.0926552722222222,0.0,0.0,0.0,0
GJD0298,0.0,0,0.0,0.0,0.0,0.0,0.0,1.0,133,0.47005444646098,0.8761061946902655,0,0.0,0.0,0.0,0.0,0.0,0.0,0.0,0.0,0.0,0.0,0.0,9.333333333333334,1.0,1.0,7.916666666666667,0.0,8.953082851388888,18.042678227222225,0.1019620788888888,0.0,0.0,0.0,0
GJT0386,0.0,0,0.0,0.0,0.0,0.0,0.0,8.664739884393063,494,0.4481922843869925,0.1687791861240827,0,0.0,0.0,0.0,0.0,0.0,0.0,0.0,0.0,0.0,0.0,0.0,89.66666666666667,2.0,16.0,32.416666666666664,0.0,8.000433525833333,16.00231213861111,0.1431269322222222,0.0,0.0,0.0,0
GLR0975,0.0,0,0.0,0.0,0.0,0.0,0.0,10.65606936416185,604,0.3300444005920079,0.7987523732031462,0,0.0,0.0,0.0,0.0,0.0,0.0,0.0,0.0,0.0,0.0,0.0,107.75,2.0,2.0,30.33333333333333,0.0,9.921637115833336,18.058381502777777,2.356826306388889,0.0,0.0,0.0,0
HCC0344,0.0,0,0.0,0.0,0.0,0.0,0.0,2.932551319648094,231,0.3981762917933131,0.698,0,0.0,0.0,0.0,0.0,0.0,0.0,0.0,0.0,0.0,0.0,0.0,27.58333333333333,1.0,2.0,17.833333333333332,0.0,7.251589595277777,18.2421001925,0.1459596830555555,0.0,0.0,0.0,0
HCW0419,0.0,0,0.0,0.0,0.0,0.0,0.0,8.826589595375722,515,0.3199920350457985,0.7092337917485265,0,0.4931237721021611,0.0,0.0,0.0,0.0,0.0,0.0,0.0,0.0,0.0,0.0,89.33333333333333,1.0,4.0,27.83333333333333,0.0,10.031541913333331,18.014258188611112,2.400760816388889,0.0,0.0,0.0,0
HDD0789,0.0,0,0.0,0.0,0.0,0.0,0.0,13.66184971098266,768,0.2981645488384032,0.3492701502009731,0,0.0,0.0,0.0,0.0,0.0,0.0,0.0,0.0,0.0,0.0,0.0,135.5,6.181818181818182,68.0,36.833333333333336,0.0,7.6991811175,17.792244701111112,0.1019225997222222,0.0,0.0,0.0,0
HGG0240,0.0,0,0.0,0.0,0.0,0.0,0.0,8.756521739130434,482,0.5099674532139952,0.3720622310493214,0,0.0,0.0,0.0,0.0,0.0,0.0,0.0,0.0,0.0,0.0,0.0,87.83333333333333,6.2,62.0,37.16666666666666,0.0,7.965751445,18.02952793833333,0.1222374494444444,0.0,0.0,0.0,0
HMW0713,0.0,0,0.0,0.0,0.0,0.0,0.0,1.0,142,0.3515482695810564,0.4029850746268656,0,0.0,0.0,0.0,0.0,0.0,0.0,0.0,0.0,0.0,0.0,0.0,9.583333333333334,1.8,18.0,6.833333333333333,0.0,7.733140655000001,16.770809248333332,0.1209728205555555,0.0,0.0,0.0,0
HRW0550,0.0,0,0.0,0.0,0.0,0.0,0.0,8.776162790697674,537,0.4526104417670683,0.3941702550513415,0,0.0,0.0,0.0,0.0,0.0,0.0,0.0,0.0,0.0,0.0,0.0,90.58333333333331,2.6666666666666665,16.0,30.416666666666668,0.0,7.957177263888889,18.03410404611111,0.1064461611111111,0.0,0.0,0.0,0
IAT0263,0.0,0,0.0,0.0,0.0,0.0,0.0,9.576086956521738,337,0.3728395061728395,0.5732122587968218,0,0.0,0.0,0.0,0.0,0.0,0.0,0.0,0.0,0.0,0.0,0.0,90.16666666666669,1.0,2.0,24.166666666666668,0.0,7.472132616388889,15.516666666666667,0.12296997,0.0,0.0,0.0,0
ICS0956,0.0,0,0.0,0.0,0.0,0.0,0.0,1.0,106,0.3223350253807107,0.2008196721311475,0,0.0,0.0,0.0,0.0,0.0,0.0,0.0,0.0,0.0,0.0,0.0,9.333333333333334,1.375,11.0,8.083333333333334,0.0,7.224701195,16.263346613333333,0.1252671336111111,0.0,0.0,0.0,0
IHK0841,0.0,0,0.0,0.0,0.0,0.0,0.0,1.0,140,0.3961605584642234,0.0,22,0.0,0.0,0.0,0.0,0.0,0.0,0.0,0.0,0.0,0.0,0.0,9.333333333333334,1.0,8.0,8.0,1.7142857142857142,8.470520231111111,19.523458574166668,0.1230500169444444,0.0,0.0,0.0,0
IJR0825,0.0,0,0.0,0.0,0.0,0.0,0.0,1.0,143,0.4540636042402827,0.7958579881656804,26,0.0,0.0,0.0,0.0,0.0,0.0,0.0,0.0,0.0,0.0,0.0,9.5,0.0,0.0,8.0,1.1666666666666667,8.447591521944444,19.54778420027778,0.0949734030555555,0.0,0.0,0.0,0
ILC0838,0.0,0,0.0,0.0,0.0,0.0,0.0,1.0,123,0.4359925788497217,0.2041420118343195,21,0.0,0.0,0.0,0.0,0.0,0.0,0.0,0.0,0.0,0.0,0.0,9.333333333333334,1.0,1.0,8.0,1.5714285714285714,8.458188824444445,19.540028901666663,0.1004277244444444,0.0,0.0,0.0,0
IMB0481,0.0,0,0.0,0.0,0.0,0.0,0.0,14.468208092485549,722,0.5723140495867769,0.3689572512984418,0,0.0,0.0,0.0,0.0,0.0,0.0,0.0,0.0,0.0,0.0,0.0,152.83333333333334,8.4,84.0,50.5,0.0,8.201974951666667,17.30091522138889,0.0930263308333333,0.0,0.0,0.0,0
JAD0609,0.0,0,0.0,0.0,0.0,0.0,0.0,14.358381502890174,761,0.36525086934923,0.8343397745571659,0,0.4913446054750403,0.0,0.0,0.0,0.0,0.0,0.0,0.0,0.0,0.0,0.0,153.08333333333334,13.916666666666666,167.0,40.41666666666666,0.0,8.982068746666668,16.1483929475,2.320162999722222,0.0,0.0,92.0,0
JCR0921,0.0,0,0.0,0.0,0.0,0.0,0.0,8.786127167630058,541,0.4646141543382647,0.4131578947368421,184,0.0,0.0,0.0,0.0,0.0,0.0,0.0,0.0,0.0,0.0,0.0,88.33333333333333,7.909090909090909,87.0,29.5,6.818181818181818,8.446242774444444,19.557610789722226,0.0868597633333333,0.0,0.0,0.0,0
JFC0757,0.0,0,0.0,0.0,0.0,0.0,0.0,3.096774193548387,286,0.4301841948900772,0.0,0,0.0,0.0,0.0,0.0,0.0,0.0,0.0,0.0,0.0,0.0,0.0,27.5,2.142857142857143,15.0,15.25,0.0,8.496387283055556,16.509730250277777,0.1246984858333333,0.0,0.0,0.0,0
JJH0292,0.0,0,0.0,0.0,0.0,0.0,0.0,1.0,145,0.4262589928057554,0.6696165191740413,0,0.0,0.0,0.0,0.0,0.0,0.0,0.0,0.0,0.0,0.0,0.0,9.416666666666666,1.3333333333333333,4.0,8.083333333333334,0.0,11.170505318888887,17.7211617475,2.517939955277778,0.0,4.0,32.0,0
JKF0465,0.0,0,0.0,0.0,0.0,0.0,0.0,1.0,151,0.3942598187311178,0.2084367245657568,0,0.0,0.0,0.0,0.0,0.0,0.0,0.0,0.0,0.0,0.0,0.0,9.5,2.0,4.0,7.642857142857143,0.0,7.956269841111111,18.04039682527777,0.1055995305555555,0.0,64.0,0.0,0
JMC0925,0.0,0,0.0,0.0,0.0,0.0,0.0,9.77391304347826,572,0.3225865543139769,0.7075919335705813,192,0.7215302491103203,0.0,0.0,0.0,0.0,0.0,0.0,0.0,0.0,0.0,0.0,88.91666666666667,8.166666666666666,98.0,26.166666666666668,4.909090909090909,10.808269148333332,16.70349064888889,3.5446649008333337,51.0,4.0,104.0,0
JPW0741,0.0,0,0.0,0.0,0.0,0.0,0.0,14.53061224489796,783,0.3456611070824268,0.0,0,0.0,0.0,0.0,0.0,0.0,0.0,0.0,0.0,0.0,0.0,0.0,152.5,4.833333333333333,58.0,27.75,0.0,7.953757225277778,17.045183044166667,0.0992095008333333,0.0,0.0,0.0,0
JXH0493,0.0,0,0.0,0.0,0.0,0.0,0.0,14.515942028985508,812,0.4786893323478689,0.182108626198083,0,0.0,0.0,0.0,0.0,0.0,0.0,0.0,0.0,0.0,0.0,0.0,152.58333333333334,9.25,111.0,26.75,0.0,8.211705202222223,17.275722543333334,0.1095384038888888,0.0,0.0,0.0,0
KAC0124,0.0,0,0.0,0.0,0.0,0.0,0.0,8.83815028901734,563,0.4252804487179487,0.0,148,0.4954218443427076,0.0,0.0,0.0,0.0,0.0,0.0,0.0,0.0,0.0,0.0,88.5,2.0,18.0,31.666666666666668,3.888888888888889,8.250578034444445,19.26204238916667,0.1433147491666666,0.0,0.0,0.0,0
KBS0874,0.0,0,0.0,0.0,0.0,0.0,0.0,14.630057803468208,788,0.4475767754318618,0.703871987356776,0,0.4936783879889372,0.0,0.0,0.0,0.0,0.0,0.0,0.0,0.0,0.0,0.0,152.58333333333334,12.916666666666666,155.0,39.66666666666666,0.0,9.78246167,17.79643545277778,2.44400304,0.0,0.0,0.0,0
KCB0815,0.0,0,0.0,0.0,0.0,0.0,0.0,8.846820809248555,519,0.3880715705765407,0.1956876837634759,390,0.0,0.0,0.0,0.0,0.0,0.0,0.0,0.0,0.0,0.0,0.0,89.91666666666667,6.090909090909091,67.0,32.833333333333336,15.454545454545457,10.510202666666666,20.539210019166667,2.3820052080555554,0.0,0.0,0.0,0
KCF0045,0.0,0,0.0,0.0,0.0,0.0,0.0,10.622093023255816,633,0.3626355013550135,0.3221127531472359,0,0.0,0.0,0.0,0.0,0.0,0.0,0.0,0.0,0.0,0.0,0.0,106.58333333333331,10.583333333333334,127.0,26.08333333333333,0.0,10.83588749,12.973038169444443,7.335531659722222,714.0,0.0,1044.0,0
KES0729,0.0,0,0.0,0.0,0.0,0.0,0.0,14.61807580174927,767,0.3498237510635711,0.556441962504986,0,0.4946150777822098,0.0,0.0,0.0,0.0,0.0,0.0,0.0,0.0,0.0,0.0,151.25,10.5,126.0,28.916666666666668,0.0,10.171089135,16.801327413333333,2.520218255277777,0.0,0.0,20.0,0
KJM0887,0.0,0,0.0,0.0,0.0,0.0,0.0,2.9130434782608696,262,0.4151975683890577,0.6915422885572139,0,0.0,0.0,0.0,0.0,0.0,0.0,0.0,0.0,0.0,0.0,0.0,27.416666666666668,3.125,25.0,15.916666666666666,0.0,9.192919075,18.312379575833333,0.0852511030555555,0.0,0.0,0.0,0
KKC0683,0.0,0,0.0,0.0,0.0,0.0,0.0,8.826589595375722,526,0.2881188118811881,0.0,37,0.0,0.0,0.0,0.0,0.0,0.0,0.0,0.0,0.0,0.0,0.0,89.58333333333333,5.416666666666667,65.0,26.0,5.2,8.958526011388889,19.03892100166667,0.1025773097222222,0.0,0.0,0.0,0
KKS0119,0.0,0,0.0,0.0,0.0,0.0,0.0,13.576811594202898,703,0.5188344927155795,0.7335610589239966,0,0.0,0.0,0.0,0.0,0.0,0.0,0.0,0.0,0.0,0.0,0.0,135.75,3.555555555555556,32.0,43.0,0.0,9.196338753333334,17.274518304166666,2.350629374722222,0.0,0.0,0.0,0
KPR0497,0.0,0,0.0,0.0,0.0,0.0,0.0,14.531791907514451,741,0.4415870683321087,0.7386634844868735,0,0.0,0.0,0.0,0.0,0.0,0.0,0.0,0.0,0.0,0.0,0.0,156.33333333333334,4.2,42.0,36.083333333333336,0.0,10.533482183055556,16.087331886944444,2.5431330572222226,0.0,0.0,115.0,0
KRG0158,0.0,0,0.0,0.0,0.0,0.0,0.0,10.784883720930232,576,0.4129460580912863,0.3549865229110512,0,0.0,0.0,0.0,0.0,0.0,0.0,0.0,0.0,0.0,0.0,0.0,107.91666666666669,0.0,0.0,34.25,0.0,6.9480732175,16.04412331388889,0.0996748969444444,0.0,0.0,0.0,0
KRL0062,0.0,0,0.0,0.0,0.0,0.0,0.0,10.667630057803468,595,0.4525983729038685,0.0,0,0.0,0.0,0.0,0.0,0.0,0.0,0.0,0.0,0.0,0.0,0.0,109.08333333333331,3.25,26.0,43.91666666666666,0.0,7.241377649166666,15.261271676111113,0.1384187091666666,0.0,0.0,0.0,0
KRM0541,0.0,0,0.0,0.0,0.0,0.0,0.0,8.784883720930232,506,0.4588709677419355,0.2276637988087359,0,0.4318332230311052,0.0,0.0,0.0,0.0,0.0,0.0,0.0,0.0,0.0,0.0,84.33333333333333,1.5,9.0,26.25,0.0,8.254363553055557,17.793569902222224,1.5025712230555557,0.0,0.0,18.0,0
KVT0028,0.0,0,0.0,0.0,0.0,0.0,0.0,8.840116279069768,518,0.4065514469453376,0.3824399868464321,0,0.0,0.0,0.0,0.0,0.0,0.0,0.0,0.0,0.0,0.0,0.0,90.08333333333331,2.333333333333333,21.0,27.75,0.0,7.7232177263888895,18.75611753361112,0.1265246575,0.0,0.0,0.0,0
LAF0991,0.0,0,0.0,0.0,0.0,0.0,0.0,8.793604651162791,487,0.4278748476229175,0.8495867768595041,610,0.0,0.0,0.0,0.0,0.0,0.0,0.0,0.0,0.0,0.0,0.0,88.58333333333333,2.333333333333333,14.0,28.75,21.181818181818183,11.207349102499998,21.29364161833333,2.3748774325000004,0.0,0.0,0.0,0
LAM0911,0.0,0,0.0,0.0,0.0,0.0,0.0,13.704347826086956,777,0.5042356314349016,0.3635786802030457,399,0.0,0.0,0.0,0.0,0.0,0.0,0.0,0.0,0.0,0.0,0.0,134.08333333333334,5.545454545454546,61.0,45.083333333333336,10.0,10.480969013333333,19.551300577777777,2.426657988055556,0.0,0.0,0.0,0
LDD0560,0.0,0,0.0,0.0,0.0,0.0,0.0,10.0,111,0.2038980509745127,0.69,2,0.51,0.0,0.0,0.0,0.0,0.0,0.0,0.0,0.0,0.0,0.0,89.8,3.083333333333333,37.0,30.2,0.0,9.45327222222222,16.26406666666667,3.290772918888889,6.0,10.0,4.0,0
LHB0967,0.0,0,0.0,0.0,0.0,0.0,0.0,1.0,131,0.3143872113676731,0.0,0,0.0,0.0,0.0,0.0,0.0,0.0,0.0,0.0,0.0,0.0,0.0,9.583333333333334,2.9,29.0,6.083333333333333,0.0,7.205973025,16.29778420027778,0.0984074502777777,0.0,0.0,0.0,0
LJJ0905,0.0,0,0.0,0.0,0.0,0.0,0.0,3.0,257,0.3520097442143727,0.6705653021442495,0,0.0,0.0,0.0,0.0,0.0,0.0,0.0,0.0,0.0,0.0,0.0,27.08333333333333,1.4285714285714286,10.0,16.833333333333332,0.0,9.341042805,17.945515330833334,0.8192495608333333,0.0,0.0,20.0,0
LNS0989,0.0,0,0.0,0.0,0.0,0.0,0.0,8.802898550724638,472,0.42178658043654,0.7454725057622654,0,0.4945670069147185,0.0,0.0,0.0,0.0,0.0,0.0,0.0,0.0,0.0,0.0,89.91666666666667,1.4545454545454546,16.0,31.83333333333333,0.0,10.217362693888887,17.7984557875,2.8897719047222226,0.0,0.0,85.0,0
LOF0311,0.0,0,0.0,0.0,0.0,0.0,0.0,14.579710144927535,812,0.3898795180722891,0.4145129224652087,0,0.0,0.0,0.0,0.0,0.0,0.0,0.0,0.0,0.0,0.0,0.0,149.25,14.0,140.0,39.16666666666666,0.0,7.738102119444444,15.7627649325,0.1324447241666666,0.0,0.0,0.0,0
LPC0492,0.0,0,0.0,0.0,0.0,0.0,0.0,14.710144927536232,779,0.2988283609131538,0.5186206896551724,0,0.4920197044334975,0.0,0.0,0.0,0.0,0.0,0.0,0.0,0.0,0.0,0.0,143.33333333333334,5.4,54.0,35.833333333333336,0.0,8.629955943611112,17.043696983055554,1.639319198611111,0.0,0.0,26.0,0
LPH0572,0.0,0,0.0,0.0,0.0,0.0,0.0,1.0,40,0.3620689655172414,1.0833333333333333,0,0.0,0.0,0.0,0.0,0.0,0.0,0.0,0.0,0.0,0.0,0.0,9.416666666666666,2.0,2.0,8.0,0.0,8.536036035833334,18.48828828805556,0.1436147919444444,0.0,0.0,0.0,0
MAE0331,0.0,0,0.0,0.0,0.0,0.0,0.0,2.9709302325581395,254,0.4068801897983393,0.3590998043052837,0,0.0,0.0,0.0,0.0,0.0,0.0,0.0,0.0,0.0,0.0,0.0,27.33333333333333,1.2,6.0,13.833333333333334,0.0,7.196194605,18.29224470111111,0.1003173802777777,0.0,0.0,0.0,0
MBW0809,0.0,0,0.0,0.0,0.0,0.0,0.0,8.6,90,0.3278688524590163,0.7015503875968992,57,0.0,0.0,0.0,0.0,0.0,0.0,0.0,0.0,0.0,0.0,0.0,88.66666666666667,7.545454545454546,83.0,29.416666666666668,17.181818181818183,8.449444444444444,20.54611111111111,0.0909173483333333,0.0,0.0,0.0,0
MCJ0324,0.0,0,0.0,0.0,0.0,0.0,0.0,14.440579710144927,770,0.3850878270482741,0.3426334805299076,0,0.0,0.0,0.0,0.0,0.0,0.0,0.0,0.0,0.0,0.0,0.0,153.41666666666666,15.909090909090908,175.0,35.333333333333336,0.0,7.735163776388889,15.768352601111111,0.1298699538888889,0.0,0.0,0.0,0
MDH0686,0.0,0,0.0,0.0,0.0,0.0,0.0,8.796498905908097,624,0.4332474617366267,0.8512437810945274,39,0.0,0.0,0.0,0.0,0.0,0.0,0.0,0.0,0.0,0.0,0.0,90.53333333333332,6.785714285714286,95.0,34.13333333333333,2.5,11.059442800555557,18.7825336525,2.483508691111111,1.0,201.0,28.0,0
MHA0798,0.0,0,0.0,0.0,0.0,0.0,0.0,8.757225433526012,521,0.4415741675075681,0.0,0,0.0,0.0,0.0,0.0,0.0,0.0,0.0,0.0,0.0,0.0,0.0,89.08333333333333,2.75,11.0,25.33333333333333,0.0,8.22813102111111,17.273988439166665,0.1179886761111111,0.0,0.0,0.0,0
MJS0890,0.0,0,0.0,0.0,0.0,0.0,0.0,2.96231884057971,244,0.5532170775706554,0.7240704500978473,0,0.0,0.0,0.0,0.0,0.0,0.0,0.0,0.0,0.0,0.0,0.0,27.25,1.7142857142857142,12.0,19.33333333333333,0.0,9.235115606666668,18.27519267805556,0.1141764719444444,0.0,0.0,0.0,0
MKG0711,0.0,0,0.0,0.0,0.0,0.0,0.0,1.0,143,0.4476021314387211,0.0,0,0.0,0.0,0.0,0.0,0.0,0.0,0.0,0.0,0.0,0.0,0.0,9.416666666666666,1.7,17.0,7.833333333333333,0.0,7.724277456388888,16.77360308277778,0.1176728511111111,0.0,0.0,0.0,0
MKL0941,0.0,0,0.0,0.0,0.0,0.0,0.0,8.592485549132949,506,0.3178246484698097,0.0,0,0.0,0.0,0.0,0.0,0.0,0.0,0.0,0.0,0.0,0.0,0.0,91.66666666666669,1.5,3.0,27.5,0.0,7.228371868888889,16.269653179166667,0.1186489230555555,0.0,0.0,0.0,0
MKS0204,0.0,0,0.0,0.0,0.0,0.0,0.0,10.641618497109826,570,0.3098871930988719,0.1890277023356871,0,0.0,0.0,0.0,0.0,0.0,0.0,0.0,0.0,0.0,0.0,0.0,102.08333333333331,9.0,108.0,28.25,0.0,7.226348747499999,17.273651252222223,0.1125757361111111,0.0,0.0,0.0,0
MLD0755,0.0,0,0.0,0.0,0.0,0.0,0.0,14.681159420289855,796,0.4928432799611839,0.7946692991115498,0,0.4983218163869694,0.0,0.0,0.0,0.0,0.0,0.0,0.0,0.0,0.0,0.0,152.5,6.25,75.0,44.75,0.0,10.024768214722222,17.019990365833333,2.418309865277778,0.0,0.0,0.0,0
MMB0488,0.0,0,0.0,0.0,0.0,0.0,0.0,14.36569579288026,694,0.3045092108880946,0.3464744311781932,0,0.0,0.0,0.0,0.0,0.0,0.0,0.0,0.0,0.0,0.0,0.0,152.5,2.6666666666666665,24.0,31.166666666666668,0.0,8.247795698888888,17.258172042777776,0.1322215561111111,0.0,0.0,0.0,0
MOP0763,0.0,0,0.0,0.0,0.0,0.0,0.0,2.909356725146199,247,0.2740471869328493,0.0,0,0.0,0.0,0.0,0.0,0.0,0.0,0.0,0.0,0.0,0.0,0.0,27.666666666666668,1.0,4.0,12.833333333333334,0.0,8.445038535555556,16.547206165555558,0.0945041219444444,0.0,0.0,0.0,0
MSG0839,0.0,0,0.0,0.0,0.0,0.0,0.0,1.0,143,0.4592030360531309,0.2298507462686567,29,0.0,0.0,0.0,0.0,0.0,0.0,0.0,0.0,0.0,0.0,0.0,9.25,1.25,5.0,7.916666666666667,1.6666666666666667,8.439354527777777,19.55370905583333,0.0920942641666666,0.0,0.0,0.0,0
MSH0040,0.0,0,0.0,0.0,0.0,0.0,0.0,10.673228346456693,461,0.4796492017090173,0.7989671707856879,0,0.0,0.0,0.0,0.0,0.0,0.0,0.0,0.0,0.0,0.0,0.0,108.33333333333331,8.333333333333334,100.0,37.083333333333336,0.0,10.9207484125,12.995830687777778,7.433525576666667,569.0,0.0,795.0,0
MSS0001,0.0,0,0.0,0.0,0.0,0.0,0.0,34.98255813953488,1415,0.514831573655103,0.1656971912913412,0,0.0,0.0,0.0,0.0,0.0,0.0,0.0,0.0,0.0,0.0,0.0,386.0833333333333,4.375,35.0,61.083333333333336,0.0,9.936411056666667,15.06411368,2.3712639997222222,0.0,0.0,0.0,0
MVH0373,0.0,0,0.0,0.0,0.0,0.0,0.0,10.62121212121212,160,0.4145077720207253,0.4893009985734665,0,0.0,0.0,0.0,0.0,0.0,0.0,0.0,0.0,0.0,0.0,0.0,107.66666666666669,1.5,3.0,40.16666666666666,0.0,10.887248088055555,13.17619545638889,7.383146317777778,133.0,0.0,181.0,0
NAH0503,0.0,0,0.0,0.0,0.0,0.0,0.0,14.52020202020202,887,0.489787279077151,0.5798260869565217,0,0.0,0.0,0.0,0.0,0.0,0.0,0.0,0.0,0.0,0.0,0.0,154.35714285714286,9.454545454545457,104.0,43.07142857142857,47.0,8.949156511111111,16.323026881666667,3.0116350883333336,25.0,52.0,38.0,0
NBC0412,0.0,0,0.0,0.0,0.0,0.0,0.0,9.759420289855072,547,0.4341701282282824,0.6507276507276507,0,0.0,0.0,0.0,0.0,0.0,0.0,0.0,0.0,0.0,0.0,0.0,94.16666666666669,1.5,9.0,34.333333333333336,0.0,7.991186723888889,17.94381645972222,0.1397710766666666,0.0,0.0,3.0,0
NHH0185,0.0,0,0.0,0.0,0.0,0.0,0.0,2.915942028985507,245,0.4081015719467956,0.2087475149105367,0,0.0,0.0,0.0,0.0,0.0,0.0,0.0,0.0,0.0,0.0,0.0,25.5,1.0,1.0,15.916666666666666,0.0,7.383122065555556,18.200275430277777,1.3690603680555555,0.0,0.0,9.0,0
NIH0969,0.0,0,0.0,0.0,0.0,0.0,0.0,1.0,140,0.4600760456273764,0.603030303030303,0,0.4757575757575757,0.0,0.0,0.0,0.0,0.0,0.0,0.0,0.0,0.0,0.0,9.5,1.75,14.0,8.416666666666666,0.0,9.276924508055554,16.254815881944445,2.393950220833333,0.0,0.0,1.0,0
NJC0705,0.0,0,0.0,0.0,0.0,0.0,0.0,1.0,141,0.446584938704028,0.2136498516320474,0,0.0,0.0,0.0,0.0,0.0,0.0,0.0,0.0,0.0,0.0,0.0,9.5,1.2857142857142858,9.0,7.5,0.0,7.701300577777777,16.791281310000002,0.1007655599999999,0.0,0.0,0.0,0
NMF0780,0.0,0,0.0,0.0,0.0,0.0,0.0,2.9069767441860463,259,0.388301182327318,0.79,0,0.0,0.0,0.0,0.0,0.0,0.0,0.0,0.0,0.0,0.0,0.0,27.83333333333333,1.0,2.0,14.5,0.0,8.449951830277778,16.548603082777777,0.0997702558333333,0.0,0.0,0.0,0
NNS0059,0.0,0,0.0,0.0,0.0,0.0,0.0,8.791304347826086,537,0.4554178328668533,0.6488625123639961,18,0.0,0.0,0.0,0.0,0.0,0.0,0.0,0.0,0.0,0.0,0.0,88.41666666666667,9.916666666666666,119.0,31.5,2.2,7.981936416111112,19.02244701333333,0.1275325391666666,0.0,0.0,0.0,0
NRD0548,0.0,0,0.0,0.0,0.0,0.0,0.0,8.639344262295081,438,0.4974442379182156,0.0,0,0.0,0.0,0.0,0.0,0.0,0.0,0.0,0.0,0.0,0.0,0.0,89.25,2.7777777777777777,25.0,35.083333333333336,0.0,7.965795206944444,18.0355119825,0.0991271716666666,0.0,0.0,0.0,0
NWK0215,0.0,0,0.0,0.0,0.0,0.0,0.0,12.549773755656108,824,0.4683751363140676,0.6630611141157382,0,0.4943212547322877,0.0,0.0,0.0,0.0,0.0,0.0,0.0,0.0,0.0,0.0,136.8125,2.2222222222222223,20.0,40.1875,0.0,10.029006121944445,14.89355643888889,3.3157168594444446,46.0,184.0,0.0,0
OHC0973,0.0,0,0.0,0.0,0.0,0.0,0.0,1.0,140,0.5341726618705036,0.0,0,0.0,0.0,0.0,0.0,0.0,0.0,0.0,0.0,0.0,0.0,0.0,9.666666666666666,1.3333333333333333,12.0,7.916666666666667,0.0,7.231647398611111,16.265655105833332,0.1230956697222222,0.0,0.0,0.0,0
OKB0439,0.0,0,0.0,0.0,0.0,0.0,0.0,8.797687861271676,531,0.355877616747182,0.7624835742444153,0,0.0,0.0,0.0,0.0,0.0,0.0,0.0,0.0,0.0,0.0,0.0,89.16666666666667,7.166666666666667,86.0,23.75,0.0,7.951974951666666,17.049903660833333,0.0904459411111111,0.0,0.0,0.0,0
OLB0749,0.0,0,0.0,0.0,0.0,0.0,0.0,14.73469387755102,341,0.3988294314381271,0.0,0,0.0,0.0,0.0,0.0,0.0,0.0,0.0,0.0,0.0,0.0,0.0,152.0,5.363636363636363,59.0,34.166666666666664,0.0,7.9498299319444445,17.04489795916667,0.1100477583333333,0.0,0.0,0.0,0
OMS0101,0.0,0,0.0,0.0,0.0,0.0,0.0,8.734104046242775,521,0.4708973322554567,0.3388484447385837,0,0.0,0.0,0.0,0.0,0.0,0.0,0.0,0.0,0.0,0.0,0.0,88.91666666666667,4.9,49.0,37.833333333333336,0.0,7.249277456388889,17.253371868888888,0.1431595105555555,0.0,0.0,0.0,0
ONW0083,0.0,0,0.0,0.0,0.0,0.0,0.0,8.676300578034683,510,0.4285135682462535,0.3554297135243171,0,0.0,0.0,0.0,0.0,0.0,0.0,0.0,0.0,0.0,0.0,0.0,89.75,2.7777777777777777,25.0,25.916666666666668,0.0,7.974903660833333,17.02972061638889,0.1164231011111111,0.0,0.0,0.0,0
PBP0002,0.0,0,0.0,0.0,0.0,0.0,0.0,10.580174927113704,593,0.3348266135722582,0.0,0,0.0,0.0,0.0,0.0,0.0,0.0,0.0,0.0,0.0,0.0,0.0,108.25,0.0,0.0,23.916666666666668,0.0,7.9695086702777775,15.03689788027778,0.1072603469444444,0.0,0.0,0.0,0
PRM0740,0.0,0,0.0,0.0,0.0,0.0,0.0,14.489855072463769,767,0.2550773694390715,0.0,0,0.0,0.0,0.0,0.0,0.0,0.0,0.0,0.0,0.0,0.0,0.0,153.33333333333334,6.083333333333333,73.0,33.916666666666664,0.0,7.955057803333333,17.047832369722222,0.1002297513888889,0.0,0.0,0.0,0
PTH0552,0.0,0,0.0,0.0,0.0,0.0,0.0,8.722543352601155,513,0.4442882955229874,0.4715043074884029,0,0.0,0.0,0.0,0.0,0.0,0.0,0.0,0.0,0.0,0.0,0.0,89.33333333333333,5.181818181818182,57.0,29.75,0.0,9.992756864722224,17.996242774444443,2.380094109166667,0.0,0.0,0.0,0
PTH0830,0.0,0,0.0,0.0,0.0,0.0,0.0,1.0,152,0.4488304093567251,0.2019464720194647,32,0.0,0.0,0.0,0.0,0.0,0.0,0.0,0.0,0.0,0.0,0.0,9.466666666666669,1.0,2.0,7.533333333333333,1.8,8.448784313611112,19.55572549,0.0893090863888888,0.0,74.0,0.0,0
QCH0110,0.0,0,0.0,0.0,0.0,0.0,0.0,2.9368770764119603,193,0.3746556473829201,0.0,0,0.0,0.0,0.0,0.0,0.0,0.0,0.0,0.0,0.0,0.0,0.0,26.83333333333333,1.0,2.0,15.333333333333334,0.0,9.209562841388887,18.292404371388887,0.1084032758333333,0.0,0.0,0.0,0
QNF0205,0.0,0,0.0,0.0,0.0,0.0,0.0,10.606936416184972,573,0.4435321715817694,0.1667574931880109,0,0.0,0.0,0.0,0.0,0.0,0.0,0.0,0.0,0.0,0.0,0.0,108.16666666666669,6.636363636363637,73.0,29.0,0.0,7.2033718688888895,17.300770712777776,0.0926173283333333,0.0,0.0,0.0,0
RAG0275,0.0,0,0.0,0.0,0.0,0.0,0.0,8.725947521865889,537,0.4693835756706942,0.4206481790845305,0,0.0,0.0,0.0,0.0,0.0,0.0,0.0,0.0,0.0,0.0,0.0,89.5,2.0,6.0,28.5,0.0,7.2033718688888895,17.2942678225,0.0981464208333333,0.0,0.0,0.0,0
RAH0440,0.0,0,0.0,0.0,0.0,0.0,0.0,8.765217391304347,483,0.4674508213344149,0.0,0,0.0,0.0,0.0,0.0,0.0,0.0,0.0,0.0,0.0,0.0,0.0,88.58333333333333,3.4,17.0,27.5,0.0,7.993930635833333,17.002215799444446,0.1387258430555555,0.0,0.0,0.0,0
RAM0447,0.0,0,0.0,0.0,0.0,0.0,0.0,1.0,146,0.3974358974358974,0.6180555555555556,0,0.4930555555555556,0.0,0.0,0.0,0.0,0.0,0.0,0.0,0.0,0.0,0.0,9.533333333333331,1.0,3.0,7.933333333333334,0.0,10.071185208055557,18.00753526333333,2.418286813888889,0.0,178.0,0.0,0
RDM0115,0.0,0,0.0,0.0,0.0,0.0,0.0,10.688953488372093,593,0.3807324315407456,0.4054936089203155,0,0.0,0.0,0.0,0.0,0.0,0.0,0.0,0.0,0.0,0.0,0.0,107.66666666666669,1.0,6.0,32.583333333333336,0.0,7.480828516111111,16.509874758888888,0.1370208233333333,0.0,0.0,0.0,0
RDM0150,0.0,0,0.0,0.0,0.0,0.0,0.0,4.895043731778426,322,0.3843537414965986,0.2215604526503871,0,0.2465753424657534,0.0,0.0,0.0,0.0,0.0,0.0,0.0,0.0,0.0,0.0,45.333333333333336,2.9,29.0,24.83333333333333,0.0,8.487042389166666,16.509441233055554,0.1341696719444444,0.0,0.0,0.0,0
RGN0408,0.0,0,0.0,0.0,0.0,0.0,0.0,8.771014492753624,491,0.2728180547233872,0.7855254461335096,0,0.0,0.0,0.0,0.0,0.0,0.0,0.0,0.0,0.0,0.0,0.0,88.83333333333333,2.5,5.0,24.08333333333333,0.0,7.987101449166666,18.017919075,0.1227983275,0.0,0.0,0.0,0
RHC0335,0.0,0,0.0,0.0,0.0,0.0,0.0,2.941520467836257,242,0.5198776758409785,0.0,0,0.0,0.0,0.0,0.0,0.0,0.0,0.0,0.0,0.0,0.0,0.0,28.166666666666668,1.0,4.0,18.0,0.0,7.218400770555555,18.29171483611111,0.1007869769444444,0.0,0.0,0.0,0
RJM0381,0.0,0,0.0,0.0,0.0,0.0,0.0,8.739884393063583,525,0.3869035735675784,0.7923280423280423,0,0.4937169312169312,0.0,0.0,0.0,0.0,0.0,0.0,0.0,0.0,0.0,0.0,90.16666666666669,4.909090909090909,54.0,28.83333333333333,0.0,8.187931929166666,15.908269230555556,1.1861900658333333,0.0,0.0,18.0,0
ROB0272,0.0,0,0.0,0.0,0.0,0.0,0.0,8.701449275362318,539,0.3032803380961964,0.0,0,0.0,0.0,0.0,0.0,0.0,0.0,0.0,0.0,0.0,0.0,0.0,89.75,0.0,0.0,26.75,0.0,7.199661835555556,17.30158959527778,0.0899632872222222,0.0,0.0,0.0,0
RZC0746,0.0,0,0.0,0.0,0.0,0.0,0.0,14.481092436974787,1011,0.4137931034482758,0.5015232844915132,0,0.738720441027129,0.0,0.0,0.0,0.0,0.0,0.0,0.0,0.0,0.0,0.0,155.83333333333334,7.944444444444445,143.0,39.333333333333336,0.0,10.19262042027778,16.704194549444445,2.517684810555556,0.0,241.0,48.0,0
SAC0687,0.0,0,0.0,0.0,0.0,0.0,0.0,8.845481049562682,510,0.4367139959432048,0.1882003955174687,33,0.0,0.0,0.0,0.0,0.0,0.0,0.0,0.0,0.0,0.0,0.0,89.0,1.0,1.0,30.58333333333333,3.0,8.938680153888889,19.0594894025,0.0784788458333333,0.0,0.0,0.0,0
SBD0913,0.0,0,0.0,0.0,0.0,0.0,0.0,2.9302325581395348,256,0.4920731707317073,0.7222222222222222,0,0.4851190476190476,0.0,0.0,0.0,0.0,0.0,0.0,0.0,0.0,0.0,0.0,27.166666666666668,1.8333333333333333,11.0,18.08333333333333,0.0,7.234200385277777,16.257225433333332,0.1393944330555555,0.0,0.0,0.0,0
SBK0161,0.0,0,0.0,0.0,0.0,0.0,0.0,17.394202898550724,839,0.4410569105691057,0.5269121813031161,0,0.4977503749375104,0.0,0.0,0.0,0.0,0.0,0.0,0.0,0.0,0.0,0.0,178.08333333333334,2.555555555555556,23.0,38.75,0.0,11.498731730277775,18.23479495861111,3.1210068291666664,0.0,0.0,97.0,0
SCB0534,0.0,0,0.0,0.0,0.0,0.0,0.0,2.930635838150289,251,0.4611708482676224,0.0,0,0.0,0.0,0.0,0.0,0.0,0.0,0.0,0.0,0.0,0.0,0.0,27.25,1.2,6.0,18.25,0.0,8.982369941944444,17.01536608861111,0.1324574002777777,0.0,0.0,0.0,0
SES0477,0.0,0,0.0,0.0,0.0,0.0,0.0,14.507246376811594,757,0.3073164773421277,0.7754245754245754,0,0.0,0.0,0.0,0.0,0.0,0.0,0.0,0.0,0.0,0.0,0.0,152.08333333333334,11.083333333333334,133.0,26.0,0.0,10.232753215277777,17.292196531666665,2.372820951111111,0.0,0.0,0.0,0
SIJ0661,0.0,0,0.0,0.0,0.0,0.0,0.0,13.568115942028983,733,0.4450117831893165,0.1745353556932279,0,0.0,0.0,0.0,0.0,0.0,0.0,0.0,0.0,0.0,0.0,0.0,137.25,3.1818181818181817,35.0,36.083333333333336,0.0,7.99238921,16.005202311944444,0.1283985644444444,0.0,0.0,0.0,0
SKG0759,0.0,0,0.0,0.0,0.0,0.0,0.0,2.929824561403509,263,0.442998760842627,0.9041916167664672,0,0.0,0.0,0.0,0.0,0.0,0.0,0.0,0.0,0.0,0.0,0.0,27.416666666666668,2.333333333333333,21.0,15.25,0.0,8.49344894,16.509055876666665,0.1362203838888888,0.0,0.0,0.0,0
SLB0049,0.0,0,0.0,0.0,0.0,0.0,0.0,17.517341040462426,860,0.4443655543158535,0.405873618214816,0,0.0,0.0,0.0,0.0,0.0,0.0,0.0,0.0,0.0,0.0,0.0,177.75,1.0,2.0,48.25,0.0,8.479576107777778,17.522495182777778,0.1186016761111111,0.0,0.0,0.0,0
SLT0907,0.0,0,0.0,0.0,0.0,0.0,0.0,2.9352941176470586,168,0.4344746162927981,0.4669338677354709,0,0.0,0.0,0.0,0.0,0.0,0.0,0.0,0.0,0.0,0.0,0.0,26.83333333333333,2.75,11.0,14.416666666666666,0.0,9.238150288888887,18.263872832222223,0.1422726955555555,0.0,0.0,0.0,0
SNS0129,0.0,0,0.0,0.0,0.0,0.0,0.0,10.742774566473988,616,0.4097664543524416,0.4256120527306968,0,0.0,0.0,0.0,0.0,0.0,0.0,0.0,0.0,0.0,0.0,0.0,108.25,2.571428571428572,18.0,34.916666666666664,0.0,7.263535645277778,16.243256261944445,0.1486026947222222,0.0,0.0,0.0,0
SOF0808,0.0,0,0.0,0.0,0.0,0.0,0.0,8.799418604651162,496,0.3942717854966484,0.3389494549058474,465,0.0,0.0,0.0,0.0,0.0,0.0,0.0,0.0,0.0,0.0,0.0,88.58333333333333,1.2,6.0,26.0,15.363636363636363,8.450867051944444,20.540606936388887,0.1020524616666666,0.0,0.0,0.0,0
SSJ0784,0.0,0,0.0,0.0,0.0,0.0,0.0,2.914221218961625,284,0.4508235294117647,0.506584043377227,0,0.0,0.0,0.0,0.0,0.0,0.0,0.0,0.0,0.0,0.0,0.0,27.6875,2.142857142857143,15.0,15.5,8.0,10.677329600833334,14.994702344444445,3.613744997222222,65.0,210.0,0.0,0
SSR0278,0.0,0,0.0,0.0,0.0,0.0,0.0,8.656410256410256,352,0.501101321585903,0.0,0,0.0,0.0,0.0,0.0,0.0,0.0,0.0,0.0,0.0,0.0,0.0,87.5,1.8,9.0,35.833333333333336,0.0,9.212755101944444,18.2846938775,0.1138625405555555,0.0,0.0,0.0,0
SSS0345,0.0,0,0.0,0.0,0.0,0.0,0.0,2.930434782608696,255,0.4907573047107931,0.0,0,0.0,0.0,0.0,0.0,0.0,0.0,0.0,0.0,0.0,0.0,0.0,27.416666666666668,1.0,1.0,15.916666666666666,0.0,7.238342967222223,18.270231213611112,0.1294940602777777,0.0,0.0,0.0,0
SVL0940,0.0,0,0.0,0.0,0.0,0.0,0.0,8.644508670520231,503,0.4629703763010408,0.3286526245402875,0,0.0,0.0,0.0,0.0,0.0,0.0,0.0,0.0,0.0,0.0,0.0,91.25,2.111111111111111,19.0,38.833333333333336,0.0,7.204431599166666,16.30775529861111,0.0917952,0.0,0.0,0.0,0
TBT0461,0.0,0,0.0,0.0,0.0,0.0,0.0,1.0,158,0.3954703832752613,0.4424778761061947,0,0.0,0.0,0.0,0.0,0.0,0.0,0.0,0.0,0.0,0.0,0.0,9.416666666666666,1.0,2.0,8.0,0.0,7.949759151944444,18.05303468194444,0.0918363722222222,0.0,0.0,0.0,0
TEM0093,0.0,0,0.0,0.0,0.0,0.0,0.0,8.772357723577235,367,0.4751457928353235,0.3359592215013902,0,0.0,0.0,0.0,0.0,0.0,0.0,0.0,0.0,0.0,0.0,0.0,90.5,0.0,0.0,30.33333333333333,0.0,7.474966261666666,15.523211875833333,0.1276027533333333,0.0,0.0,0.0,0
THD0448,0.0,0,0.0,0.0,0.0,0.0,0.0,1.0,134,0.4081272084805654,0.2035928143712574,0,0.0,0.0,0.0,0.0,0.0,0.0,0.0,0.0,0.0,0.0,0.0,9.5,1.0,2.0,7.583333333333333,0.0,7.9649325625,18.032562620277776,0.1093099947222222,0.0,0.0,0.0,0
TJB0302,0.0,0,0.0,0.0,0.0,0.0,0.0,1.0,140,0.2852112676056338,0.2275449101796407,0,0.0,0.0,0.0,0.0,0.0,0.0,0.0,0.0,0.0,0.0,0.0,9.5,1.7142857142857142,12.0,7.166666666666667,0.0,8.945183044166667,18.05655105972222,0.0872329061111111,0.0,0.0,0.0,0
TJD0996,0.0,0,0.0,0.0,0.0,0.0,0.0,8.76453488372093,507,0.3507194244604316,0.7127694859038143,115,0.0,0.0,0.0,0.0,0.0,0.0,0.0,0.0,0.0,0.0,0.0,89.25,2.333333333333333,14.0,26.916666666666668,3.555555555555556,8.2339595375,19.272350674166667,0.1215258316666666,0.0,0.0,0.0,0
TLK0993,0.0,0,0.0,0.0,0.0,0.0,0.0,8.736231884057972,495,0.3690646015895659,0.0,674,0.0,0.0,0.0,0.0,0.0,0.0,0.0,0.0,0.0,0.0,0.0,87.66666666666667,1.75,7.0,26.25,19.181818181818183,9.206840076944443,21.28896917138889,0.1028801130555555,0.0,0.0,0.0,0
TMA0069,0.0,0,0.0,0.0,0.0,0.0,0.0,8.835260115606937,547,0.4249106078665077,0.356885835786719,0,0.0,0.0,0.0,0.0,0.0,0.0,0.0,0.0,0.0,0.0,0.0,89.08333333333333,5.5,66.0,39.75,0.0,7.959200385277778,18.04605009611111,0.0939796613888888,0.0,0.0,0.0,0
TPH0474,0.0,0,0.0,0.0,0.0,0.0,0.0,1.1411764705882352,173,0.3867120954003407,0.0,0,0.0,0.0,0.0,0.0,0.0,0.0,0.0,0.0,0.0,0.0,0.0,9.5,0.0,0.0,7.0,0.0,7.947109826388889,18.04354527916667,0.1004562672222222,0.0,0.0,0.0,0
TRK0914,0.0,0,0.0,0.0,0.0,0.0,0.0,8.701449275362318,515,0.3081735620585267,0.3794137241838774,193,0.0,0.0,0.0,0.0,0.0,0.0,0.0,0.0,0.0,0.0,0.0,89.0,1.0,4.0,22.08333333333333,6.818181818181818,8.4869082125,19.50881502888889,0.1259207930555555,0.0,0.0,0.0,0
TSM0363,0.0,0,0.0,0.0,0.0,0.0,0.0,10.518840579710146,615,0.3186831834379772,0.4047947092863048,0,0.0,0.0,0.0,0.0,0.0,0.0,0.0,0.0,0.0,0.0,0.0,107.83333333333331,2.5,5.0,28.25,0.0,11.319101049722224,13.435598703333334,7.431239875,755.0,0.0,1051.0,0
TSM0927,0.0,0,0.0,0.0,0.0,0.0,0.0,8.97391304347826,548,0.4516255385820603,0.4337855297157623,248,0.0,0.0,0.0,0.0,0.0,0.0,0.0,0.0,0.0,0.0,0.0,88.75,5.75,69.0,30.75,6.818181818181818,8.48217726388889,19.509055876666668,0.1255786452777778,0.0,0.0,0.0,0
UBF0645,0.0,0,0.0,0.0,0.0,0.0,0.0,2.93859649122807,235,0.4530018192844148,0.0,221,0.0,0.0,0.0,0.0,0.0,0.0,0.0,0.0,0.0,0.0,0.0,26.916666666666668,2.142857142857143,15.0,14.916666666666666,6.1,9.232418111666666,21.2578516375,0.1273031194444444,0.0,0.0,0.0,0
UCH0519,0.0,0,0.0,0.0,0.0,0.0,0.0,2.920863309352518,213,0.2631189948263119,0.314039408866995,0,0.0,0.0,0.0,0.0,0.0,0.0,0.0,0.0,0.0,0.0,0.0,26.916666666666668,1.3333333333333333,8.0,12.833333333333334,0.0,8.958183990277778,17.056750298611114,0.09442772,0.0,0.0,0.0,0
UJC0737,0.0,0,0.0,0.0,0.0,0.0,0.0,14.455072463768117,766,0.4179574056147144,0.4501704431521957,0,0.0,0.0,0.0,0.0,0.0,0.0,0.0,0.0,0.0,0.0,0.0,155.25,8.75,105.0,36.25,0.0,8.001156069166667,17.0067919075,0.145629665,0.0,0.0,0.0,0
VEB0935,0.0,0,0.0,0.0,0.0,0.0,0.0,8.727536231884057,539,0.4017300341983504,0.0,0,0.0,0.0,0.0,0.0,0.0,0.0,0.0,0.0,0.0,0.0,0.0,90.33333333333331,6.583333333333333,79.0,23.58333333333333,0.0,7.207129094166667,16.28410404611111,0.1019641786111111,0.0,0.0,0.0,0
WPE0538,0.0,0,0.0,0.0,0.0,0.0,0.0,2.935860058309038,253,0.4074074074074074,0.9721946375372392,0,0.0,0.0,0.0,0.0,0.0,0.0,0.0,0.0,0.0,0.0,0.0,27.5,0.0,0.0,15.083333333333334,0.0,8.49089595361111,18.509296724444447,0.1390436627777777,0.0,0.0,0.0,0
WPR0368,0.0,0,0.0,0.0,0.0,0.0,0.0,10.71867612293144,728,0.426677380474086,0.1938685487428319,0,0.0,0.0,0.0,0.0,0.0,0.0,0.0,0.0,0.0,0.0,0.0,107.66666666666669,0.0,0.0,36.93333333333333,0.0,11.108121677777778,13.22829122611111,7.121361946666667,862.0,325.0,1308.0,0
WSR0241,0.0,0,0.0,0.0,0.0,0.0,0.0,9.707246376811597,605,0.3251445086705202,0.6166019707375336,0,0.7017020005971932,0.0,0.0,0.0,0.0,0.0,0.0,0.0,0.0,0.0,0.0,90.91666666666669,6.545454545454546,72.0,27.916666666666668,0.0,8.991823040277778,17.276385589722224,2.727697306388889,0.0,0.0,75.0,0
XRS0633,0.0,0,0.0,0.0,0.0,0.0,0.0,2.933333333333333,255,0.4617700180614087,0.4466403162055335,187,0.0,0.0,0.0,0.0,0.0,0.0,0.0,0.0,0.0,0.0,0.0,27.0,1.6666666666666667,5.0,14.333333333333334,5.727272727272728,11.25081336222222,21.302504816944445,2.428095245,0.0,0.0,0.0,0
YDN0198,0.0,0,0.0,0.0,0.0,0.0,0.0,10.73546511627907,584,0.3348845225784212,0.4871378283238559,0,0.6154887625236934,0.0,0.0,0.0,0.0,0.0,0.0,0.0,0.0,0.0,0.0,109.66666666666669,5.363636363636363,59.0,25.83333333333333,0.0,9.448729456944443,15.434126647777775,2.3726605233333333,0.0,0.0,8.0,0
YIC0195,0.0,0,0.0,0.0,0.0,0.0,0.0,10.586894586894587,607,0.5236207466138091,0.6423573735199138,0,0.6706135629709364,0.0,0.0,0.0,0.0,0.0,0.0,0.0,0.0,0.0,0.0,109.05882352941175,7.705882352941177,131.0,33.294117647058826,0.0,10.733795530833332,17.420548735,2.8596387666666665,0.0,142.0,96.0,0
YJV0699,0.0,0,0.0,0.0,0.0,0.0,0.0,1.0,136,0.6404886561954625,0.0,0,0.0,0.0,0.0,0.0,0.0,0.0,0.0,0.0,0.0,0.0,0.0,9.5,1.1666666666666667,7.0,8.833333333333334,0.0,7.724277456388888,16.77027938333333,0.11742627,0.0,0.0,0.0,0
YWW0660,0.0,0,0.0,0.0,0.0,0.0,0.0,2.9653846153846155,227,0.4507154213036566,0.0,164,0.0,0.0,0.0,0.0,0.0,0.0,0.0,0.0,0.0,0.0,0.0,26.75,1.5,6.0,16.333333333333332,6.545454545454546,9.202681992222224,21.28320561916667,0.1097551730555555,0.0,0.0,0.0,0
ZCF0590,0.0,0,0.0,0.0,0.0,0.0,0.0,1.0,134,0.4792043399638336,0.0,0,0.0,0.0,0.0,0.0,0.0,0.0,0.0,0.0,0.0,0.0,0.0,9.416666666666666,1.0,3.0,8.166666666666666,0.0,8.451300577777777,18.54667630055556,0.0946852275,0.0,0.0,0.0,0
ZFM0468,0.0,0,0.0,0.0,0.0,0.0,0.0,1.0,136,0.4551845342706502,0.4791666666666667,0,0.0,0.0,0.0,0.0,0.0,0.0,0.0,0.0,0.0,0.0,0.0,9.333333333333334,1.3333333333333333,4.0,7.916666666666667,0.0,7.986608863055555,18.009682080833333,0.1412465661111111,0.0,0.0,0.0,0
ZJS0269,0.0,0,0.0,0.0,0.0,0.0,0.0,8.75,530,0.3225741780272654,0.0,0,0.0,0.0,0.0,0.0,0.0,0.0,0.0,0.0,0.0,0.0,0.0,89.58333333333333,1.0,1.0,25.33333333333333,0.0,7.208381502777778,17.28949903638889,0.1105122644444444,0.0,0.0,0.0,0
ZSL0305,0.0,0,0.0,0.0,0.0,0.0,0.0,1.0,143,0.5286738351254481,0.228486646884273,0,0.0,0.0,0.0,0.0,0.0,0.0,0.0,0.0,0.0,0.0,0.0,9.181818181818182,1.0,4.0,7.636363636363637,0.0,8.982466281111112,18.01700385333333,0.1152783633333333,0.0,0.0,0.0,0
